id,homeid,amenityid
1,36,11
2,39,18
3,53,12
4,89,5
5,37,3
6,22,12
7,90,6
8,97,11
9,36,14
10,26,4
11,100,15
12,3,12
13,62,17
14,36,7
15,57,5
16,82,2
17,27,19
18,36,14
19,73,6
20,92,6
21,30,14
22,5,10
23,39,16
24,89,4
25,87,15
26,79,10
27,30,14
28,69,16
29,27,6
30,47,1
31,19,5
32,27,6
33,47,5
34,59,14
35,26,2
36,43,3
37,6,17
38,22,16
39,73,6
40,76,19
41,83,14
42,96,11
43,54,17
44,1,5
45,90,4
46,43,11
47,2,8
48,59,9
49,68,13
50,1,17
51,35,17
52,75,7
53,96,7
54,15,11
55,9,14
56,90,8
57,63,9
58,19,4
59,45,9
60,89,7
61,73,9
62,17,15
63,61,17
64,34,7
65,43,3
66,66,12
67,44,8
68,12,4
69,63,16
70,80,17
71,1,13
72,23,16
73,54,11
74,70,1
75,55,3
76,81,9
77,21,11
78,68,16
79,30,9
80,64,14
81,73,5
82,58,7
83,20,11
84,81,9
85,75,12
86,89,10
87,84,18
88,96,18
89,84,9
90,45,17
91,74,18
92,28,19
93,90,13
94,21,14
95,67,16
96,23,6
97,65,10
98,99,6
99,59,18
100,64,10
101,2,7
102,69,5
103,18,5
104,55,5
105,45,3
106,66,12
107,7,4
108,96,2
109,11,5
110,49,4
111,36,5
112,6,11
113,22,13
114,8,9
115,2,14
116,98,18
117,23,10
118,59,11
119,23,12
120,80,15
121,52,12
122,86,4
123,94,19
124,88,11
125,27,1
126,45,17
127,32,17
128,71,16
129,51,8
130,74,4
131,75,5
132,47,12
133,96,2
134,69,8
135,3,14
136,36,15
137,74,12
138,100,14
139,59,5
140,43,15
141,91,4
142,90,3
143,55,12
144,56,5
145,36,10
146,44,18
147,61,13
148,24,1
149,84,3
150,43,11
151,20,13
152,72,3
153,52,12
154,25,17
155,12,14
156,7,13
157,96,17
158,80,9
159,80,7
160,39,1
161,30,2
162,4,17
163,2,15
164,42,6
165,22,13
166,2,12
167,6,18
168,40,10
169,91,19
170,47,16
171,58,9
172,89,11
173,19,13
174,27,18
175,73,4
176,53,1
177,18,1
178,22,5
179,6,14
180,46,17
181,61,10
182,56,18
183,55,11
184,75,18
185,100,19
186,7,9
187,80,11
188,20,7
189,11,10
190,95,9
191,39,13
192,33,11
193,86,8
194,26,10
195,65,4
196,13,15
197,51,11
198,47,15
199,57,12
200,48,11
201,82,11
202,96,16
203,91,18
204,15,2
205,33,10
206,13,18
207,21,2
208,5,5
209,24,9
210,47,16
211,67,8
212,50,1
213,73,10
214,37,14
215,16,5
216,32,3
217,42,16
218,80,13
219,70,3
220,44,18
221,42,13
222,78,10
223,87,1
224,2,14
225,10,4
226,78,15
227,3,18
228,33,10
229,88,1
230,75,10
231,99,17
232,57,18
233,6,17
234,30,7
235,41,10
236,56,12
237,70,12
238,11,6
239,14,7
240,79,16
241,59,19
242,29,16
243,95,17
244,64,5
245,27,10
246,64,9
247,21,14
248,59,14
249,35,2
250,98,17
251,94,11
252,27,17
253,58,9
254,53,12
255,98,14
256,81,17
257,46,18
258,88,16
259,57,7
260,89,4
261,69,5
262,50,7
263,42,15
264,99,17
265,90,5
266,97,19
267,39,6
268,41,6
269,11,6
270,66,6
271,53,15
272,62,19
273,35,8
274,70,14
275,58,12
276,91,19
277,80,2
278,90,4
279,25,15
280,45,8
281,52,12
282,89,19
283,52,16
284,98,17
285,46,15
286,96,19
287,56,6
288,23,14
289,17,4
290,49,9
291,9,10
292,11,7
293,6,1
294,69,3
295,37,17
296,7,6
297,34,8
298,64,11
299,79,7
300,46,17
301,54,11
302,63,12
303,17,17
304,4,8
305,91,9
306,78,12
307,51,14
308,59,4
309,12,10
310,14,14
311,15,1
312,39,19
313,25,16
314,24,15
315,47,9
316,4,18
317,1,4
318,45,18
319,65,12
320,24,18
321,24,9
322,89,7
323,50,18
324,45,14
325,99,5
326,31,15
327,22,10
328,68,10
329,37,2
330,21,2
331,92,18
332,26,7
333,54,16
334,97,5
335,20,15
336,55,3
337,64,3
338,73,5
339,49,14
340,1,11
341,36,15
342,49,3
343,22,9
344,79,7
345,57,10
346,68,11
347,56,12
348,27,7
349,95,1
350,76,1
351,94,17
352,14,18
353,97,14
354,77,8
355,11,2
356,8,2
357,50,5
358,64,16
359,65,16
360,53,12
361,97,8
362,68,1
363,90,2
364,53,8
365,22,11
366,9,11
367,25,5
368,10,11
369,98,9
370,77,17
371,65,1
372,64,4
373,85,10
374,99,12
375,18,19
376,99,19
377,67,19
378,33,5
379,70,6
380,56,6
381,18,13
382,37,4
383,7,13
384,36,5
385,16,12
386,44,2
387,86,8
388,52,18
389,96,9
390,97,8
391,1,13
392,88,14
393,16,10
394,97,4
395,20,15
396,5,10
397,6,5
398,41,15
399,54,12
400,45,6
401,10,19
402,39,6
403,9,16
404,8,4
405,8,2
406,54,9
407,54,14
408,68,2
409,84,3
410,41,2
411,77,6
412,96,13
413,79,11
414,8,18
415,38,9
416,91,3
417,71,9
418,78,15
419,93,9
420,83,4
421,30,1
422,10,19
423,98,11
424,74,15
425,55,2
426,92,12
427,34,18
428,89,2
429,88,19
430,36,11
431,81,11
432,62,14
433,64,15
434,80,7
435,68,16
436,43,8
437,3,5
438,88,8
439,100,10
440,24,2
441,22,14
442,12,14
443,24,4
444,47,2
445,3,9
446,68,8
447,3,1
448,52,10
449,6,4
450,92,13
451,99,16
452,19,7
453,58,11
454,99,15
455,18,5
456,44,19
457,19,11
458,44,19
459,17,16
460,33,7
461,1,15
462,44,18
463,57,9
464,48,2
465,34,8
466,4,8
467,55,13
468,92,17
469,88,3
470,52,9
471,34,9
472,55,1
473,12,15
474,83,1
475,98,14
476,65,19
477,88,4
478,25,10
479,39,9
480,49,5
481,82,17
482,100,10
483,32,15
484,58,10
485,87,10
486,73,19
487,79,17
488,80,13
489,65,17
490,33,4
491,29,13
492,48,13
493,13,16
494,94,4
495,16,4
496,40,9
497,47,1
498,26,5
499,36,18
500,2,1
501,6,2
502,14,2
503,41,1
504,93,7
505,20,7
506,70,14
507,54,4
508,33,19
509,53,13
510,18,2
511,57,1
512,32,19
513,67,1
514,4,17
515,68,17
516,21,2
517,36,9
518,5,17
519,78,6
520,23,5
521,64,2
522,24,5
523,8,5
524,22,7
525,89,7
526,64,7
527,32,17
528,94,12
529,67,1
530,42,16
531,81,13
532,86,3
533,47,3
534,90,11
535,71,15
536,12,16
537,13,2
538,7,2
539,32,1
540,39,6
541,21,5
542,62,12
543,45,4
544,37,12
545,41,15
546,52,18
547,78,11
548,8,2
549,6,7
550,17,4
551,80,4
552,44,12
553,5,12
554,49,10
555,94,13
556,56,4
557,37,1
558,64,7
559,86,1
560,9,3
561,9,11
562,46,10
563,63,10
564,51,15
565,22,10
566,37,17
567,32,11
568,37,14
569,84,16
570,63,14
571,99,10
572,67,12
573,53,5
574,49,7
575,63,6
576,16,8
577,59,1
578,40,19
579,3,8
580,97,2
581,79,4
582,75,1
583,70,17
584,25,2
585,88,2
586,82,1
587,92,17
588,30,14
589,93,17
590,45,9
591,23,2
592,1,8
593,55,8
594,41,15
595,16,16
596,94,2
597,78,10
598,91,4
599,41,14
600,25,9
601,12,18
602,13,11
603,78,15
604,50,10
605,52,10
606,67,11
607,17,8
608,94,7
609,79,1
610,28,2
611,18,9
612,74,9
613,85,3
614,65,8
615,64,19
616,38,15
617,71,3
618,57,6
619,27,12
620,80,7
621,99,3
622,90,2
623,31,8
624,59,14
625,95,12
626,83,15
627,88,18
628,2,3
629,17,2
630,64,16
631,42,2
632,98,10
633,26,3
634,16,2
635,67,5
636,4,8
637,87,16
638,84,16
639,90,12
640,88,17
641,78,13
642,21,17
643,84,4
644,5,12
645,30,11
646,12,13
647,83,8
648,60,8
649,39,3
650,35,9
651,73,9
652,89,10
653,45,2
654,91,13
655,25,4
656,74,2
657,83,10
658,57,5
659,20,3
660,40,19
661,29,8
662,57,7
663,21,14
664,26,7
665,51,12
666,75,15
667,80,11
668,2,1
669,94,4
670,61,8
671,75,8
672,34,17
673,65,7
674,20,9
675,48,1
676,19,7
677,39,9
678,61,16
679,80,13
680,93,5
681,16,9
682,78,14
683,67,4
684,78,9
685,6,12
686,77,10
687,47,2
688,70,18
689,90,5
690,7,5
691,70,13
692,17,19
693,2,5
694,7,7
695,47,8
696,37,7
697,47,12
698,48,8
699,33,2
700,52,11
701,77,18
702,6,6
703,16,7
704,30,8
705,79,19
706,99,1
707,28,14
708,45,7
709,97,17
710,49,1
711,92,3
712,45,17
713,62,16
714,38,16
715,42,6
716,37,5
717,74,8
718,7,19
719,99,8
720,27,9
721,49,17
722,30,3
723,16,10
724,26,3
725,27,9
726,26,10
727,88,1
728,60,2
729,34,1
730,99,2
731,30,4
732,98,4
733,84,14
734,33,19
735,42,13
736,70,4
737,89,12
738,40,11
739,46,8
740,71,17
741,58,8
742,94,8
743,17,18
744,13,1
745,67,4
746,63,11
747,91,7
748,82,18
749,37,1
750,84,12
751,72,7
752,20,9
753,16,1
754,65,19
755,38,12
756,25,17
757,11,12
758,10,11
759,68,10
760,10,17
761,54,8
762,92,11
763,43,6
764,58,6
765,19,10
766,83,8
767,75,19
768,1,17
769,42,17
770,27,1
771,47,5
772,49,15
773,20,17
774,71,11
775,100,17
776,79,4
777,80,1
778,96,14
779,68,11
780,90,7
781,6,12
782,66,16
783,12,19
784,87,15
785,6,18
786,80,14
787,10,3
788,10,13
789,40,13
790,2,12
791,97,8
792,18,2
793,53,13
794,37,17
795,47,5
796,92,3
797,60,18
798,19,11
799,3,19
800,18,17
801,18,3
802,100,11
803,85,6
804,54,11
805,76,4
806,94,15
807,95,15
808,20,19
809,24,3
810,93,19
811,97,3
812,58,7
813,51,12
814,4,19
815,72,16
816,8,16
817,28,16
818,12,6
819,30,1
820,73,2
821,39,5
822,61,6
823,5,4
824,68,8
825,63,9
826,75,1
827,100,9
828,69,2
829,85,4
830,38,15
831,43,17
832,37,14
833,53,18
834,40,16
835,10,19
836,32,4
837,13,16
838,91,6
839,46,17
840,49,6
841,14,14
842,6,1
843,88,12
844,43,1
845,6,8
846,71,12
847,72,3
848,14,13
849,79,14
850,35,15
851,55,3
852,29,2
853,83,19
854,89,12
855,37,12
856,26,2
857,58,11
858,59,16
859,59,13
860,12,10
861,4,6
862,24,13
863,30,4
864,56,6
865,72,9
866,55,1
867,1,8
868,4,18
869,16,14
870,31,4
871,86,16
872,39,7
873,10,9
874,22,11
875,74,6
876,54,9
877,56,3
878,12,14
879,43,9
880,30,12
881,35,5
882,1,18
883,63,12
884,72,8
885,91,9
886,53,7
887,18,16
888,48,13
889,4,9
890,77,2
891,42,13
892,85,5
893,98,17
894,58,7
895,84,12
896,76,1
897,48,1
898,52,6
899,66,19
900,43,6
901,100,11
902,11,12
903,83,6
904,31,3
905,87,11
906,94,13
907,55,4
908,25,11
909,11,11
910,78,4
911,96,6
912,75,13
913,88,13
914,12,10
915,94,17
916,85,8
917,90,9
918,52,9
919,65,7
920,49,17
921,40,18
922,69,11
923,8,12
924,100,16
925,33,14
926,15,6
927,23,12
928,91,10
929,22,8
930,13,16
931,32,3
932,29,9
933,75,13
934,64,12
935,87,16
936,86,5
937,19,13
938,13,19
939,97,18
940,61,10
941,76,11
942,79,8
943,57,3
944,89,6
945,9,16
946,10,5
947,63,14
948,56,10
949,47,7
950,25,1
951,100,12
952,34,14
953,54,17
954,94,10
955,95,8
956,54,2
957,85,18
958,60,17
959,72,4
960,54,2
961,12,2
962,59,4
963,60,5
964,23,12
965,66,7
966,36,16
967,60,2
968,53,7
969,9,3
970,44,7
971,98,10
972,15,2
973,29,7
974,93,19
975,77,8
976,24,17
977,13,18
978,97,8
979,95,4
980,23,8
981,37,11
982,84,7
983,13,7
984,15,15
985,40,15
986,100,8
987,56,8
988,37,10
989,52,6
990,61,2
991,11,6
992,4,14
993,73,13
994,51,17
995,32,11
996,26,11
997,99,1
998,56,19
999,93,17
1000,65,10
1001,85,13
1002,43,2
1003,2,2
1004,75,16
1005,91,9
1006,34,8
1007,26,15
1008,36,14
1009,52,5
1010,45,5
1011,13,5
1012,93,19
1013,53,3
1014,46,7
1015,76,5
1016,2,7
1017,28,14
1018,67,14
1019,14,7
1020,35,10
1021,86,11
1022,42,16
1023,38,19
1024,52,4
1025,46,2
1026,2,1
1027,55,13
1028,5,16
1029,57,4
1030,78,1
1031,70,3
1032,93,14
1033,13,19
1034,4,4
1035,66,9
1036,2,17
1037,100,9
1038,49,5
1039,55,19
1040,36,7
1041,71,13
1042,9,17
1043,39,4
1044,2,5
1045,14,15
1046,33,17
1047,51,12
1048,81,5
1049,18,8
1050,28,3
1051,32,14
1052,96,9
1053,60,19
1054,78,6
1055,92,10
1056,88,16
1057,100,18
1058,82,3
1059,69,6
1060,44,11
1061,28,9
1062,28,17
1063,72,11
1064,98,9
1065,81,5
1066,12,13
1067,10,5
1068,32,18
1069,19,7
1070,63,14
1071,31,9
1072,16,4
1073,1,19
1074,75,6
1075,58,12
1076,50,12
1077,61,15
1078,17,9
1079,60,6
1080,20,16
1081,84,6
1082,83,13
1083,6,7
1084,42,12
1085,62,14
1086,43,13
1087,53,15
1088,22,3
1089,28,17
1090,14,6
1091,57,4
1092,44,1
1093,85,17
1094,57,13
1095,69,16
1096,46,4
1097,18,17
1098,84,14
1099,78,12
1100,12,12
1101,89,12
1102,64,19
1103,80,18
1104,54,3
1105,8,13
1106,98,17
1107,40,1
1108,39,16
1109,47,7
1110,34,10
1111,97,1
1112,52,1
1113,73,6
1114,28,14
1115,16,4
1116,36,16
1117,12,13
1118,95,10
1119,7,1
1120,8,9
1121,48,16
1122,10,14
1123,14,11
1124,2,19
1125,72,9
1126,69,8
1127,19,9
1128,10,18
1129,58,6
1130,12,15
1131,69,17
1132,84,15
1133,94,9
1134,10,10
1135,92,7
1136,85,19
1137,90,15
1138,88,7
1139,9,18
1140,67,18
1141,99,19
1142,34,3
1143,6,9
1144,25,18
1145,46,8
1146,68,7
1147,68,8
1148,29,19
1149,86,7
1150,10,2
1151,44,17
1152,84,16
1153,16,9
1154,51,19
1155,7,5
1156,98,6
1157,28,6
1158,25,12
1159,69,5
1160,86,5
1161,91,12
1162,42,11
1163,74,14
1164,19,3
1165,86,12
1166,2,9
1167,78,12
1168,65,3
1169,98,5
1170,92,9
1171,15,10
1172,49,8
1173,5,14
1174,55,12
1175,46,9
1176,60,9
1177,54,19
1178,91,5
1179,19,15
1180,4,17
1181,49,9
1182,95,10
1183,9,7
1184,56,7
1185,43,17
1186,86,10
1187,46,3
1188,38,15
1189,29,2
1190,92,19
1191,97,6
1192,55,14
1193,83,6
1194,54,17
1195,41,3
1196,49,12
1197,64,10
1198,53,16
1199,79,5
1200,43,6
1201,99,9
1202,63,13
1203,27,4
1204,23,12
1205,60,9
1206,32,17
1207,11,19
1208,77,14
1209,98,4
1210,95,2
1211,97,9
1212,86,12
1213,55,3
1214,91,5
1215,26,2
1216,91,19
1217,12,15
1218,67,6
1219,38,12
1220,61,11
1221,49,12
1222,82,18
1223,21,10
1224,43,12
1225,68,16
1226,46,12
1227,29,3
1228,7,15
1229,43,6
1230,100,18
1231,72,3
1232,93,8
1233,50,6
1234,17,3
1235,59,10
1236,33,2
1237,7,11
1238,18,10
1239,59,11
1240,16,3
1241,33,2
1242,84,9
1243,60,7
1244,45,14
1245,60,14
1246,98,12
1247,28,17
1248,32,5
1249,35,9
1250,83,18
1251,13,16
1252,4,15
1253,96,17
1254,18,3
1255,14,2
1256,89,16
1257,77,1
1258,25,8
1259,42,8
1260,86,6
1261,54,10
1262,17,13
1263,53,12
1264,79,19
1265,84,17
1266,85,17
1267,19,14
1268,13,14
1269,96,5
1270,86,9
1271,24,2
1272,12,19
1273,97,12
1274,48,3
1275,46,7
1276,91,5
1277,28,10
1278,86,9
1279,20,9
1280,17,9
1281,16,11
1282,33,11
1283,29,16
1284,10,10
1285,90,12
1286,10,18
1287,84,3
1288,30,7
1289,94,6
1290,12,19
1291,10,2
1292,89,16
1293,62,14
1294,66,13
1295,89,8
1296,38,9
1297,70,7
1298,29,13
1299,72,12
1300,22,1
1301,15,6
1302,7,8
1303,36,5
1304,28,18
1305,75,19
1306,89,13
1307,65,9
1308,48,13
1309,71,5
1310,31,8
1311,38,5
1312,88,8
1313,77,5
1314,31,19
1315,98,7
1316,38,11
1317,100,2
1318,51,18
1319,31,10
1320,76,5
1321,80,11
1322,7,15
1323,43,18
1324,93,4
1325,44,8
1326,16,18
1327,89,2
1328,46,7
1329,65,2
1330,67,7
1331,65,13
1332,1,7
1333,17,18
1334,73,12
1335,100,13
1336,41,4
1337,48,2
1338,9,5
1339,15,17
1340,77,6
1341,12,7
1342,23,2
1343,91,3
1344,21,4
1345,98,6
1346,16,13
1347,91,16
1348,9,7
1349,73,17
1350,64,13
1351,20,10
1352,51,6
1353,60,6
1354,35,14
1355,54,19
1356,60,1
1357,79,17
1358,21,11
1359,96,12
1360,40,10
1361,23,14
1362,55,3
1363,56,8
1364,3,3
1365,34,7
1366,73,19
1367,62,9
1368,36,5
1369,66,8
1370,31,6
1371,32,9
1372,69,1
1373,45,16
1374,78,19
1375,16,2
1376,68,5
1377,46,5
1378,85,7
1379,6,1
1380,50,3
1381,76,17
1382,76,9
1383,49,8
1384,44,2
1385,40,7
1386,22,14
1387,93,13
1388,80,2
1389,20,17
1390,80,2
1391,9,6
1392,73,10
1393,70,9
1394,36,10
1395,6,17
1396,15,13
1397,60,2
1398,99,14
1399,83,11
1400,1,1
1401,43,15
1402,87,13
1403,19,19
1404,95,5
1405,77,3
1406,73,11
1407,87,1
1408,83,8
1409,16,16
1410,80,19
1411,57,12
1412,60,18
1413,68,18
1414,95,5
1415,50,4
1416,93,1
1417,20,4
1418,23,3
1419,91,10
1420,61,8
1421,68,18
1422,50,19
1423,25,4
1424,4,12
1425,75,3
1426,21,7
1427,66,18
1428,30,8
1429,68,16
1430,94,3
1431,25,9
1432,56,19
1433,45,8
1434,9,18
1435,31,5
1436,15,16
1437,53,16
1438,56,2
1439,54,7
1440,6,10
1441,96,4
1442,30,19
1443,26,8
1444,6,14
1445,6,16
1446,22,15
1447,41,1
1448,65,11
1449,56,5
1450,63,11
1451,81,12
1452,9,4
1453,76,13
1454,84,1
1455,32,17
1456,71,11
1457,35,14
1458,66,9
1459,56,11
1460,52,7
1461,85,14
1462,81,4
1463,96,8
1464,84,19
1465,69,2
1466,32,18
1467,27,11
1468,95,10
1469,12,15
1470,97,12
1471,97,2
1472,56,7
1473,96,5
1474,81,9
1475,74,19
1476,26,7
1477,80,7
1478,96,8
1479,50,17
1480,37,16
1481,69,8
1482,45,11
1483,80,3
1484,10,4
1485,68,12
1486,78,17
1487,84,19
1488,56,11
1489,9,15
1490,49,9
1491,28,9
1492,48,6
1493,72,9
1494,79,18
1495,30,15
1496,99,14
1497,58,3
1498,26,1
1499,59,1
1500,100,6
1501,63,11
1502,54,8
1503,7,10
1504,56,7
1505,71,12
1506,27,1
1507,78,8
1508,60,9
1509,14,15
1510,67,1
1511,25,7
1512,5,4
1513,12,11
1514,87,19
1515,8,4
1516,16,15
1517,99,19
1518,57,13
1519,83,2
1520,57,5
1521,13,14
1522,10,17
1523,6,16
1524,90,15
1525,45,6
1526,47,15
1527,60,16
1528,91,13
1529,97,12
1530,45,18
1531,72,16
1532,59,2
1533,74,15
1534,7,15
1535,61,9
1536,20,5
1537,17,2
1538,51,7
1539,92,17
1540,46,4
1541,55,18
1542,21,19
1543,53,18
1544,30,11
1545,61,7
1546,32,2
1547,20,2
1548,5,11
1549,85,16
1550,78,2
1551,82,4
1552,79,6
1553,67,9
1554,51,8
1555,7,10
1556,3,1
1557,8,4
1558,49,13
1559,87,17
1560,24,6
1561,61,3
1562,40,3
1563,32,11
1564,15,6
1565,95,8
1566,71,4
1567,90,10
1568,83,4
1569,49,1
1570,72,4
1571,50,14
1572,96,12
1573,85,19
1574,99,7
1575,10,13
1576,73,19
1577,34,7
1578,61,14
1579,55,5
1580,51,15
1581,29,6
1582,55,12
1583,60,8
1584,19,4
1585,22,11
1586,94,5
1587,39,8
1588,40,13
1589,51,4
1590,6,12
1591,63,15
1592,27,4
1593,5,6
1594,84,16
1595,58,10
1596,12,10
1597,90,10
1598,97,8
1599,55,12
1600,8,7
1601,79,8
1602,36,3
1603,72,17
1604,99,2
1605,61,6
1606,62,8
1607,76,17
1608,46,10
1609,24,7
1610,47,14
1611,50,10
1612,92,4
1613,84,9
1614,22,9
1615,13,3
1616,85,14
1617,77,7
1618,21,16
1619,3,13
1620,79,2
1621,31,7
1622,53,5
1623,28,14
1624,97,5
1625,67,4
1626,13,4
1627,80,10
1628,28,12
1629,26,6
1630,56,16
1631,92,18
1632,52,2
1633,63,8
1634,61,17
1635,58,15
1636,22,12
1637,10,6
1638,56,18
1639,97,17
1640,78,19
1641,91,13
1642,11,4
1643,53,4
1644,17,6
1645,64,18
1646,93,7
1647,4,18
1648,34,9
1649,11,12
1650,78,5
1651,50,19
1652,88,8
1653,51,14
1654,46,15
1655,67,5
1656,12,6
1657,31,1
1658,55,16
1659,22,15
1660,87,18
1661,65,12
1662,93,10
1663,42,2
1664,50,18
1665,31,15
1666,96,16
1667,43,16
1668,77,10
1669,98,9
1670,33,3
1671,67,12
1672,35,5
1673,15,17
1674,86,7
1675,81,5
1676,72,9
1677,82,7
1678,16,18
1679,90,6
1680,13,14
1681,82,14
1682,26,5
1683,26,5
1684,90,19
1685,55,19
1686,89,8
1687,54,4
1688,85,11
1689,16,6
1690,66,12
1691,38,13
1692,12,18
1693,52,5
1694,67,15
1695,87,9
1696,66,16
1697,79,9
1698,100,17
1699,44,8
1700,44,8
1701,77,6
1702,29,3
1703,88,15
1704,46,9
1705,23,3
1706,51,14
1707,21,11
1708,76,6
1709,1,1
1710,53,6
1711,1,14
1712,69,9
1713,87,3
1714,29,9
1715,89,10
1716,32,13
1717,69,12
1718,34,15
1719,27,3
1720,57,5
1721,44,4
1722,88,9
1723,96,13
1724,67,3
1725,72,2
1726,34,17
1727,17,6
1728,15,19
1729,100,17
1730,37,17
1731,52,7
1732,95,15
1733,8,1
1734,54,15
1735,5,11
1736,55,17
1737,84,11
1738,23,4
1739,33,1
1740,34,11
1741,99,8
1742,40,8
1743,100,7
1744,74,12
1745,22,4
1746,34,16
1747,74,17
1748,25,5
1749,4,13
1750,77,16
1751,54,4
1752,91,8
1753,59,8
1754,94,1
1755,50,17
1756,12,12
1757,40,4
1758,70,1
1759,47,16
1760,35,11
1761,10,19
1762,72,11
1763,42,5
1764,24,13
1765,14,3
1766,91,16
1767,89,2
1768,53,14
1769,12,15
1770,85,8
1771,18,18
1772,26,13
1773,88,4
1774,80,18
1775,80,14
1776,16,15
1777,9,17
1778,11,9
1779,70,3
1780,33,1
1781,66,18
1782,72,8
1783,95,19
1784,54,13
1785,87,18
1786,17,1
1787,32,17
1788,33,10
1789,39,5
1790,41,15
1791,71,8
1792,59,18
1793,68,2
1794,57,15
1795,85,13
1796,53,12
1797,12,6
1798,100,7
1799,64,17
1800,48,3
1801,3,10
1802,57,16
1803,6,18
1804,71,9
1805,9,8
1806,30,17
1807,25,18
1808,69,10
1809,72,7
1810,78,17
1811,96,17
1812,28,5
1813,37,8
1814,44,14
1815,3,10
1816,53,19
1817,35,1
1818,84,8
1819,73,17
1820,63,5
1821,95,18
1822,34,5
1823,28,6
1824,13,7
1825,88,8
1826,86,18
1827,35,19
1828,15,7
1829,89,18
1830,50,9
1831,94,3
1832,93,12
1833,78,10
1834,21,6
1835,98,16
1836,100,9
1837,63,19
1838,99,18
1839,41,9
1840,71,2
1841,74,12
1842,43,15
1843,30,14
1844,91,13
1845,30,14
1846,44,12
1847,47,12
1848,85,12
1849,36,18
1850,74,8
1851,20,19
1852,84,4
1853,34,11
1854,62,18
1855,55,15
1856,23,7
1857,39,9
1858,44,4
1859,74,7
1860,78,2
1861,81,6
1862,93,13
1863,8,9
1864,93,8
1865,3,18
1866,19,18
1867,60,5
1868,100,9
1869,2,5
1870,36,16
1871,36,14
1872,30,13
1873,23,1
1874,60,12
1875,14,2
1876,16,10
1877,19,11
1878,16,9
1879,89,13
1880,31,11
1881,13,9
1882,39,3
1883,16,1
1884,93,12
1885,15,17
1886,23,11
1887,4,16
1888,76,13
1889,27,15
1890,3,4
1891,64,9
1892,87,1
1893,60,13
1894,73,3
1895,65,12
1896,71,9
1897,94,5
1898,75,7
1899,46,10
1900,1,13
1901,40,5
1902,88,6
1903,95,3
1904,7,14
1905,40,19
1906,9,12
1907,42,15
1908,26,11
1909,87,16
1910,27,16
1911,28,11
1912,39,17
1913,5,9
1914,54,5
1915,3,2
1916,20,18
1917,56,14
1918,75,6
1919,84,6
1920,95,17
1921,57,1
1922,76,12
1923,85,6
1924,42,4
1925,60,19
1926,85,12
1927,94,6
1928,5,4
1929,22,12
1930,79,9
1931,79,9
1932,80,3
1933,26,4
1934,81,9
1935,11,17
1936,57,15
1937,30,11
1938,1,4
1939,61,8
1940,85,14
1941,81,18
1942,13,3
1943,12,18
1944,94,10
1945,72,14
1946,85,13
1947,21,1
1948,45,1
1949,62,11
1950,45,5
1951,67,10
1952,63,8
1953,65,7
1954,87,11
1955,85,15
1956,30,16
1957,27,6
1958,57,18
1959,94,3
1960,88,13
1961,68,3
1962,22,7
1963,90,1
1964,17,15
1965,63,13
1966,5,5
1967,33,19
1968,73,18
1969,57,13
1970,46,18
1971,65,14
1972,25,4
1973,12,17
1974,63,4
1975,48,4
1976,60,16
1977,57,1
1978,7,19
1979,31,17
1980,70,17
1981,34,4
1982,71,19
1983,34,14
1984,79,6
1985,37,6
1986,99,2
1987,27,12
1988,40,8
1989,18,14
1990,15,5
1991,89,5
1992,92,16
1993,68,14
1994,39,5
1995,92,3
1996,91,9
1997,41,6
1998,90,10
1999,72,13
2000,61,8
2001,32,6
2002,36,8
2003,2,11
2004,24,2
2005,48,19
2006,48,3
2007,93,10
2008,100,14
2009,11,7
2010,9,11
2011,5,19
2012,17,7
2013,99,12
2014,28,10
2015,4,17
2016,51,7
2017,56,8
2018,100,9
2019,71,6
2020,59,8
2021,19,10
2022,87,15
2023,11,11
2024,92,11
2025,68,6
2026,42,11
2027,15,17
2028,53,13
2029,75,11
2030,93,17
2031,91,7
2032,56,11
2033,100,5
2034,66,15
2035,57,4
2036,4,7
2037,89,3
2038,15,13
2039,75,16
2040,16,9
2041,89,2
2042,21,11
2043,66,7
2044,16,9
2045,3,9
2046,12,13
2047,25,1
2048,98,12
2049,33,9
2050,23,13
2051,75,15
2052,71,17
2053,21,6
2054,33,9
2055,41,17
2056,49,14
2057,22,19
2058,14,6
2059,50,18
2060,26,7
2061,89,8
2062,65,12
2063,87,1
2064,86,13
2065,18,19
2066,63,10
2067,52,1
2068,58,8
2069,94,2
2070,74,12
2071,68,6
2072,73,17
2073,19,18
2074,41,2
2075,90,8
2076,34,9
2077,71,6
2078,76,19
2079,66,10
2080,80,18
2081,60,1
2082,44,1
2083,98,11
2084,94,17
2085,33,15
2086,55,17
2087,85,14
2088,8,17
2089,30,17
2090,21,3
2091,39,10
2092,22,16
2093,31,3
2094,49,18
2095,62,4
2096,39,4
2097,59,9
2098,31,3
2099,41,17
2100,97,5
2101,2,7
2102,73,14
2103,77,1
2104,17,8
2105,62,10
2106,77,14
2107,89,16
2108,74,12
2109,62,7
2110,97,5
2111,52,2
2112,7,5
2113,50,2
2114,12,4
2115,55,16
2116,63,17
2117,17,6
2118,5,12
2119,83,18
2120,2,5
2121,25,12
2122,40,18
2123,36,6
2124,12,18
2125,62,2
2126,52,1
2127,32,8
2128,94,18
2129,24,18
2130,34,6
2131,1,18
2132,92,17
2133,25,3
2134,41,16
2135,56,15
2136,21,15
2137,89,18
2138,32,10
2139,59,9
2140,94,11
2141,96,7
2142,69,3
2143,14,17
2144,50,3
2145,30,8
2146,70,4
2147,79,9
2148,47,7
2149,96,10
2150,57,11
2151,73,13
2152,29,9
2153,79,18
2154,84,13
2155,32,17
2156,89,8
2157,8,2
2158,96,3
2159,32,13
2160,43,17
2161,69,1
2162,14,10
2163,82,5
2164,58,6
2165,92,1
2166,100,12
2167,56,16
2168,30,4
2169,24,2
2170,77,5
2171,23,4
2172,33,12
2173,69,14
2174,9,1
2175,26,5
2176,86,17
2177,95,15
2178,41,1
2179,79,6
2180,9,14
2181,81,13
2182,84,1
2183,12,15
2184,19,7
2185,70,12
2186,66,17
2187,73,10
2188,84,2
2189,87,8
2190,59,9
2191,27,4
2192,70,5
2193,40,19
2194,93,9
2195,96,3
2196,36,8
2197,27,1
2198,5,3
2199,99,6
2200,74,2
2201,32,10
2202,31,11
2203,67,16
2204,69,15
2205,17,10
2206,78,16
2207,75,18
2208,61,11
2209,37,13
2210,28,14
2211,61,17
2212,92,11
2213,97,18
2214,53,2
2215,4,5
2216,60,13
2217,20,3
2218,14,11
2219,72,1
2220,84,9
2221,65,11
2222,19,3
2223,8,7
2224,92,19
2225,21,17
2226,24,8
2227,62,1
2228,68,16
2229,80,1
2230,8,3
2231,2,2
2232,27,8
2233,89,18
2234,75,19
2235,30,12
2236,39,2
2237,27,3
2238,37,1
2239,60,13
2240,44,18
2241,93,11
2242,87,16
2243,39,11
2244,36,11
2245,67,14
2246,2,7
2247,23,6
2248,70,10
2249,16,18
2250,54,9
2251,79,19
2252,63,14
2253,44,3
2254,64,4
2255,8,14
2256,12,2
2257,11,12
2258,100,8
2259,4,3
2260,72,16
2261,62,1
2262,48,3
2263,13,1
2264,41,8
2265,11,7
2266,68,6
2267,74,5
2268,8,8
2269,32,10
2270,62,1
2271,39,11
2272,75,3
2273,66,10
2274,66,1
2275,100,13
2276,23,14
2277,73,14
2278,18,15
2279,97,4
2280,99,3
2281,32,15
2282,35,9
2283,66,9
2284,62,10
2285,43,12
2286,35,11
2287,47,10
2288,84,1
2289,57,12
2290,97,5
2291,54,2
2292,62,16
2293,90,18
2294,52,17
2295,27,5
2296,71,19
2297,41,4
2298,36,16
2299,37,6
2300,59,12
2301,90,1
2302,35,14
2303,22,2
2304,34,17
2305,73,19
2306,62,12
2307,27,2
2308,30,19
2309,24,5
2310,4,2
2311,34,19
2312,61,3
2313,68,8
2314,57,13
2315,64,3
2316,50,14
2317,49,7
2318,64,10
2319,75,19
2320,10,4
2321,7,9
2322,14,8
2323,74,16
2324,69,19
2325,26,7
2326,11,13
2327,61,13
2328,36,18
2329,1,17
2330,41,10
2331,88,12
2332,26,9
2333,2,17
2334,77,16
2335,89,9
2336,69,16
2337,85,7
2338,58,17
2339,76,11
2340,22,4
2341,47,15
2342,3,13
2343,26,9
2344,29,9
2345,23,4
2346,100,18
2347,74,8
2348,65,8
2349,75,16
2350,62,9
2351,4,7
2352,73,8
2353,61,19
2354,85,7
2355,9,4
2356,76,9
2357,75,8
2358,84,17
2359,2,15
2360,19,9
2361,27,15
2362,81,18
2363,53,6
2364,64,16
2365,98,2
2366,62,12
2367,100,1
2368,38,4
2369,67,1
2370,64,4
2371,64,8
2372,20,7
2373,66,8
2374,86,11
2375,93,7
2376,32,7
2377,3,10
2378,1,10
2379,87,14
2380,64,13
2381,58,6
2382,36,4
2383,100,15
2384,1,13
2385,15,1
2386,92,10
2387,85,18
2388,74,6
2389,98,8
2390,13,19
2391,2,6
2392,52,15
2393,8,8
2394,43,1
2395,26,7
2396,97,13
2397,4,7
2398,39,5
2399,74,14
2400,23,4
2401,72,19
2402,66,16
2403,81,18
2404,23,12
2405,60,1
2406,80,19
2407,48,5
2408,32,13
2409,65,4
2410,19,12
2411,75,3
2412,22,8
2413,37,3
2414,6,17
2415,12,7
2416,30,16
2417,65,9
2418,13,1
2419,98,11
2420,70,13
2421,100,17
2422,6,10
2423,68,11
2424,50,4
2425,8,17
2426,61,1
2427,62,1
2428,25,13
2429,89,14
2430,37,9
2431,2,16
2432,9,19
2433,64,18
2434,85,19
2435,30,2
2436,36,15
2437,86,19
2438,98,2
2439,48,14
2440,1,9
2441,72,2
2442,87,11
2443,76,1
2444,35,8
2445,97,1
2446,65,9
2447,54,10
2448,37,1
2449,39,9
2450,63,13
2451,61,11
2452,100,4
2453,48,10
2454,14,12
2455,38,14
2456,57,4
2457,19,18
2458,68,7
2459,33,11
2460,20,16
2461,59,16
2462,28,12
2463,53,12
2464,44,1
2465,62,7
2466,50,16
2467,28,10
2468,8,14
2469,27,1
2470,66,19
2471,20,7
2472,81,18
2473,79,14
2474,59,2
2475,31,14
2476,5,1
2477,82,17
2478,57,2
2479,70,7
2480,54,5
2481,39,8
2482,33,14
2483,9,7
2484,47,16
2485,94,13
2486,45,6
2487,42,10
2488,50,15
2489,1,2
2490,46,9
2491,40,15
2492,60,5
2493,11,1
2494,46,13
2495,6,7
2496,30,5
2497,77,13
2498,66,17
2499,44,5
2500,77,3
2501,36,7
2502,1,1
2503,46,17
2504,94,11
2505,49,12
2506,9,10
2507,13,9
2508,77,10
2509,67,13
2510,35,2
2511,88,8
2512,60,17
2513,13,6
2514,5,8
2515,91,3
2516,17,7
2517,51,5
2518,73,7
2519,67,2
2520,97,18
2521,26,10
2522,48,17
2523,41,2
2524,23,17
2525,54,3
2526,48,10
2527,83,6
2528,42,5
2529,3,19
2530,78,4
2531,74,7
2532,95,9
2533,59,5
2534,97,18
2535,74,7
2536,65,3
2537,24,7
2538,68,8
2539,69,11
2540,15,7
2541,55,14
2542,27,10
2543,21,3
2544,21,19
2545,95,9
2546,47,18
2547,95,9
2548,21,17
2549,47,15
2550,91,11
2551,91,18
2552,28,10
2553,46,1
2554,31,15
2555,25,13
2556,49,4
2557,100,1
2558,16,5
2559,13,10
2560,22,13
2561,55,9
2562,15,5
2563,60,14
2564,5,8
2565,24,15
2566,5,12
2567,96,14
2568,92,14
2569,95,16
2570,39,9
2571,61,7
2572,36,2
2573,70,10
2574,94,18
2575,30,8
2576,61,1
2577,13,6
2578,40,2
2579,45,6
2580,4,19
2581,65,9
2582,26,14
2583,6,11
2584,51,1
2585,25,18
2586,78,15
2587,46,17
2588,24,14
2589,39,18
2590,55,3
2591,72,5
2592,18,7
2593,32,10
2594,95,5
2595,22,19
2596,1,2
2597,38,6
2598,63,2
2599,33,2
2600,18,14
2601,39,7
2602,5,14
2603,38,2
2604,41,15
2605,3,12
2606,83,13
2607,84,13
2608,74,10
2609,35,12
2610,1,14
2611,33,16
2612,3,14
2613,30,10
2614,66,19
2615,42,12
2616,55,7
2617,2,1
2618,41,14
2619,65,15
2620,16,19
2621,39,6
2622,37,11
2623,72,4
2624,17,11
2625,37,14
2626,50,10
2627,85,16
2628,70,16
2629,79,3
2630,29,3
2631,29,12
2632,69,8
2633,13,7
2634,62,3
2635,44,14
2636,93,17
2637,41,19
2638,33,10
2639,92,9
2640,4,7
2641,48,11
2642,12,8
2643,50,6
2644,56,1
2645,88,10
2646,92,12
2647,10,1
2648,45,18
2649,19,7
2650,87,1
2651,21,15
2652,3,6
2653,37,12
2654,66,4
2655,48,16
2656,23,6
2657,20,18
2658,77,8
2659,76,6
2660,65,3
2661,35,17
2662,11,11
2663,65,3
2664,5,7
2665,82,3
2666,46,4
2667,47,14
2668,11,13
2669,56,19
2670,78,14
2671,65,3
2672,98,3
2673,86,4
2674,82,3
2675,56,19
2676,20,15
2677,75,18
2678,76,7
2679,50,2
2680,89,13
2681,73,1
2682,18,4
2683,4,5
2684,5,11
2685,34,3
2686,75,7
2687,72,14
2688,46,7
2689,76,16
2690,96,8
2691,27,7
2692,71,1
2693,32,3
2694,18,1
2695,12,14
2696,51,14
2697,38,8
2698,57,5
2699,23,13
2700,87,11
2701,13,2
2702,3,18
2703,46,1
2704,14,19
2705,88,2
2706,32,16
2707,93,15
2708,87,19
2709,36,7
2710,43,8
2711,4,1
2712,4,10
2713,15,13
2714,47,15
2715,52,4
2716,56,2
2717,2,15
2718,67,16
2719,99,14
2720,34,6
2721,4,5
2722,92,4
2723,90,13
2724,67,19
2725,22,10
2726,56,16
2727,38,17
2728,71,18
2729,80,2
2730,95,8
2731,57,9
2732,70,18
2733,59,12
2734,53,10
2735,35,13
2736,99,2
2737,92,5
2738,40,1
2739,33,2
2740,58,1
2741,72,19
2742,87,11
2743,24,11
2744,26,15
2745,23,3
2746,79,8
2747,79,6
2748,86,19
2749,30,8
2750,29,13
2751,29,5
2752,8,8
2753,67,7
2754,18,6
2755,57,8
2756,75,6
2757,85,13
2758,42,16
2759,17,2
2760,76,17
2761,41,15
2762,55,16
2763,85,8
2764,14,15
2765,13,7
2766,64,13
2767,26,13
2768,98,8
2769,84,19
2770,88,11
2771,59,19
2772,13,16
2773,93,7
2774,90,7
2775,96,14
2776,74,13
2777,25,17
2778,39,5
2779,20,16
2780,37,3
2781,2,5
2782,23,8
2783,17,8
2784,64,18
2785,54,16
2786,40,11
2787,82,17
2788,15,1
2789,35,14
2790,85,8
2791,16,6
2792,32,9
2793,12,16
2794,60,14
2795,22,5
2796,42,2
2797,95,9
2798,61,1
2799,82,5
2800,53,8
2801,30,10
2802,44,10
2803,89,14
2804,19,11
2805,74,8
2806,85,7
2807,47,6
2808,32,4
2809,43,4
2810,78,11
2811,25,11
2812,33,15
2813,65,6
2814,48,4
2815,28,14
2816,95,14
2817,26,4
2818,77,8
2819,70,11
2820,60,18
2821,60,12
2822,36,11
2823,97,6
2824,58,13
2825,80,19
2826,98,19
2827,67,10
2828,4,11
2829,51,7
2830,84,12
2831,32,19
2832,77,10
2833,6,10
2834,42,15
2835,11,12
2836,9,8
2837,63,15
2838,64,17
2839,92,10
2840,33,11
2841,4,15
2842,12,7
2843,99,8
2844,25,5
2845,3,10
2846,60,16
2847,4,8
2848,72,13
2849,73,16
2850,70,7
2851,58,12
2852,45,4
2853,19,19
2854,2,14
2855,8,1
2856,32,5
2857,32,3
2858,13,10
2859,24,8
2860,96,17
2861,82,1
2862,11,12
2863,84,9
2864,7,14
2865,44,5
2866,74,18
2867,94,13
2868,8,10
2869,72,4
2870,72,14
2871,36,9
2872,10,4
2873,30,6
2874,54,10
2875,89,15
2876,5,8
2877,89,4
2878,40,14
2879,60,19
2880,20,5
2881,14,11
2882,58,10
2883,2,18
2884,99,2
2885,65,18
2886,10,8
2887,22,19
2888,55,5
2889,74,18
2890,47,4
2891,44,12
2892,96,12
2893,13,15
2894,53,8
2895,63,11
2896,29,6
2897,75,7
2898,47,12
2899,28,19
2900,69,13
2901,76,18
2902,92,5
2903,64,4
2904,49,19
2905,68,6
2906,7,1
2907,3,12
2908,7,9
2909,8,8
2910,77,2
2911,4,6
2912,42,8
2913,8,9
2914,14,3
2915,20,6
2916,98,18
2917,63,17
2918,30,19
2919,35,9
2920,45,15
2921,66,2
2922,61,1
2923,55,5
2924,91,11
2925,46,4
2926,10,8
2927,14,13
2928,1,18
2929,97,19
2930,66,16
2931,48,6
2932,14,1
2933,25,16
2934,35,2
2935,69,3
2936,90,13
2937,59,5
2938,19,11
2939,85,1
2940,22,15
2941,88,17
2942,13,14
2943,2,1
2944,73,6
2945,13,6
2946,28,5
2947,94,2
2948,96,19
2949,8,1
2950,63,6
2951,39,8
2952,83,5
2953,64,4
2954,74,11
2955,70,6
2956,20,14
2957,80,5
2958,76,9
2959,39,17
2960,52,18
2961,36,1
2962,86,17
2963,91,13
2964,12,1
2965,1,2
2966,23,9
2967,51,9
2968,7,16
2969,70,15
2970,52,17
2971,68,19
2972,42,8
2973,3,8
2974,4,17
2975,40,19
2976,16,5
2977,57,18
2978,40,1
2979,100,9
2980,55,12
2981,73,10
2982,12,13
2983,8,7
2984,79,12
2985,71,17
2986,92,16
2987,86,8
2988,50,5
2989,96,12
2990,8,10
2991,73,15
2992,41,4
2993,52,13
2994,98,10
2995,25,7
2996,20,3
2997,17,3
2998,58,13
2999,93,11
3000,53,1
3001,1,5
3002,84,6
3003,47,17
3004,19,6
3005,42,5
3006,84,4
3007,8,1
3008,80,17
3009,10,9
3010,33,15
3011,50,5
3012,64,19
3013,95,9
3014,61,8
3015,22,16
3016,15,18
3017,76,8
3018,37,17
3019,64,11
3020,29,7
3021,70,1
3022,22,2
3023,98,18
3024,2,14
3025,11,5
3026,18,2
3027,51,8
3028,7,16
3029,71,1
3030,50,19
3031,90,16
3032,49,15
3033,81,18
3034,38,1
3035,45,5
3036,72,16
3037,1,12
3038,38,2
3039,44,12
3040,88,12
3041,26,13
3042,68,2
3043,78,7
3044,58,9
3045,70,15
3046,65,13
3047,80,19
3048,29,7
3049,87,5
3050,52,15
3051,10,2
3052,55,14
3053,28,12
3054,76,4
3055,3,16
3056,62,19
3057,8,7
3058,53,5
3059,93,3
3060,68,7
3061,23,19
3062,36,14
3063,17,18
3064,82,1
3065,3,9
3066,51,14
3067,24,6
3068,90,18
3069,31,11
3070,14,6
3071,95,17
3072,39,9
3073,9,9
3074,45,2
3075,38,4
3076,99,15
3077,70,15
3078,83,6
3079,71,13
3080,23,4
3081,63,13
3082,63,11
3083,25,1
3084,99,17
3085,91,3
3086,67,1
3087,91,1
3088,8,19
3089,15,18
3090,17,7
3091,90,2
3092,74,6
3093,69,17
3094,29,5
3095,52,11
3096,8,13
3097,77,8
3098,6,19
3099,20,14
3100,56,6
3101,12,11
3102,19,2
3103,31,1
3104,9,2
3105,21,7
3106,86,3
3107,93,15
3108,60,10
3109,67,18
3110,16,2
3111,79,15
3112,24,17
3113,94,13
3114,75,15
3115,64,13
3116,64,18
3117,29,19
3118,34,9
3119,90,4
3120,26,10
3121,50,1
3122,12,3
3123,49,7
3124,34,8
3125,72,17
3126,60,17
3127,14,3
3128,69,17
3129,6,5
3130,42,5
3131,83,18
3132,1,17
3133,60,6
3134,47,16
3135,62,14
3136,74,6
3137,16,17
3138,98,9
3139,84,12
3140,45,16
3141,97,14
3142,28,18
3143,22,5
3144,43,14
3145,41,17
3146,60,4
3147,19,15
3148,80,8
3149,88,6
3150,18,8
3151,78,19
3152,77,11
3153,75,2
3154,16,1
3155,84,18
3156,68,16
3157,9,13
3158,60,12
3159,14,19
3160,73,8
3161,25,4
3162,99,9
3163,62,19
3164,57,14
3165,7,7
3166,35,1
3167,89,6
3168,7,6
3169,43,8
3170,94,13
3171,88,13
3172,69,14
3173,9,7
3174,83,19
3175,81,11
3176,8,4
3177,51,6
3178,8,11
3179,28,12
3180,67,10
3181,48,19
3182,15,4
3183,70,1
3184,15,18
3185,20,3
3186,41,3
3187,2,18
3188,55,5
3189,74,13
3190,41,6
3191,49,11
3192,44,7
3193,83,18
3194,10,19
3195,42,19
3196,40,8
3197,62,19
3198,14,7
3199,3,14
3200,75,1
3201,65,12
3202,31,3
3203,78,10
3204,17,17
3205,91,3
3206,55,1
3207,2,2
3208,93,6
3209,39,4
3210,84,6
3211,47,17
3212,34,6
3213,53,1
3214,49,3
3215,60,14
3216,6,6
3217,65,18
3218,51,12
3219,10,3
3220,3,11
3221,97,5
3222,11,4
3223,75,2
3224,32,5
3225,11,4
3226,3,9
3227,49,13
3228,76,16
3229,43,16
3230,23,7
3231,48,9
3232,27,11
3233,75,10
3234,95,18
3235,3,8
3236,43,12
3237,61,5
3238,82,11
3239,81,4
3240,11,10
3241,78,4
3242,26,10
3243,41,18
3244,47,4
3245,100,7
3246,72,4
3247,100,14
3248,85,3
3249,95,18
3250,61,10
3251,95,1
3252,72,19
3253,17,17
3254,36,13
3255,54,13
3256,54,17
3257,34,19
3258,92,2
3259,49,12
3260,38,4
3261,47,1
3262,2,12
3263,9,9
3264,9,1
3265,83,10
3266,84,5
3267,79,8
3268,59,15
3269,15,11
3270,82,2
3271,76,3
3272,27,19
3273,2,8
3274,7,17
3275,47,18
3276,26,15
3277,51,3
3278,24,10
3279,21,8
3280,93,4
3281,10,11
3282,87,17
3283,54,1
3284,44,6
3285,85,15
3286,25,10
3287,78,9
3288,18,8
3289,93,16
3290,74,19
3291,29,6
3292,31,5
3293,94,15
3294,78,4
3295,45,15
3296,49,5
3297,51,12
3298,18,3
3299,49,9
3300,5,4
3301,95,7
3302,17,9
3303,57,3
3304,55,18
3305,65,5
3306,68,3
3307,75,11
3308,52,11
3309,79,9
3310,34,17
3311,32,6
3312,4,7
3313,93,7
3314,51,2
3315,53,14
3316,47,9
3317,57,9
3318,1,19
3319,76,11
3320,19,18
3321,94,5
3322,14,10
3323,72,16
3324,18,3
3325,93,6
3326,48,10
3327,85,11
3328,34,15
3329,52,19
3330,77,11
3331,56,13
3332,65,3
3333,12,18
3334,15,16
3335,47,17
3336,42,12
3337,60,12
3338,4,19
3339,29,15
3340,96,4
3341,33,5
3342,25,9
3343,54,13
3344,45,6
3345,46,7
3346,74,15
3347,38,19
3348,50,6
3349,34,4
3350,27,8
3351,89,15
3352,51,6
3353,90,11
3354,86,3
3355,43,16
3356,34,8
3357,7,14
3358,5,15
3359,34,15
3360,94,16
3361,72,9
3362,53,2
3363,14,1
3364,75,15
3365,2,10
3366,82,5
3367,55,13
3368,14,7
3369,81,3
3370,83,3
3371,27,17
3372,41,10
3373,55,3
3374,73,14
3375,26,6
3376,2,15
3377,5,3
3378,93,19
3379,82,5
3380,85,7
3381,59,19
3382,27,3
3383,82,11
3384,68,17
3385,49,10
3386,35,11
3387,73,13
3388,4,4
3389,98,6
3390,21,7
3391,30,9
3392,45,10
3393,70,8
3394,94,19
3395,100,15
3396,87,17
3397,1,16
3398,38,10
3399,55,16
3400,12,10
3401,17,16
3402,24,13
3403,33,18
3404,36,16
3405,62,9
3406,60,18
3407,55,6
3408,2,14
3409,96,11
3410,86,4
3411,17,15
3412,87,19
3413,34,14
3414,39,13
3415,5,11
3416,97,2
3417,5,11
3418,57,10
3419,36,15
3420,72,16
3421,20,7
3422,38,16
3423,99,13
3424,4,14
3425,80,3
3426,42,6
3427,20,14
3428,36,13
3429,59,2
3430,27,18
3431,8,5
3432,16,17
3433,50,2
3434,56,19
3435,51,19
3436,85,8
3437,53,14
3438,24,6
3439,76,19
3440,91,17
3441,44,18
3442,40,13
3443,48,18
3444,18,8
3445,39,3
3446,97,18
3447,10,3
3448,20,11
3449,10,4
3450,58,1
3451,22,7
3452,15,2
3453,29,1
3454,3,9
3455,6,15
3456,11,2
3457,73,5
3458,57,9
3459,99,7
3460,42,15
3461,1,3
3462,65,19
3463,82,17
3464,65,18
3465,44,11
3466,49,11
3467,14,15
3468,61,14
3469,41,9
3470,63,6
3471,52,2
3472,16,7
3473,93,19
3474,94,3
3475,29,19
3476,33,12
3477,61,14
3478,40,18
3479,34,17
3480,74,7
3481,50,18
3482,42,13
3483,68,12
3484,31,14
3485,67,17
3486,30,8
3487,74,11
3488,71,19
3489,19,12
3490,80,7
3491,6,14
3492,99,16
3493,77,9
3494,92,19
3495,94,16
3496,89,5
3497,44,2
3498,13,17
3499,54,8
3500,51,2
3501,31,17
3502,84,1
3503,4,14
3504,46,5
3505,16,11
3506,41,4
3507,19,14
3508,51,7
3509,21,8
3510,98,19
3511,34,4
3512,20,8
3513,11,2
3514,67,11
3515,69,14
3516,35,8
3517,66,16
3518,85,7
3519,5,7
3520,86,4
3521,38,16
3522,82,11
3523,25,10
3524,25,6
3525,5,19
3526,76,18
3527,22,6
3528,67,11
3529,83,10
3530,92,7
3531,39,7
3532,7,13
3533,40,5
3534,65,3
3535,45,12
3536,51,7
3537,34,11
3538,7,13
3539,32,3
3540,54,14
3541,27,2
3542,7,8
3543,57,2
3544,76,6
3545,70,4
3546,44,13
3547,60,9
3548,89,19
3549,13,12
3550,15,19
3551,27,11
3552,90,4
3553,39,14
3554,77,11
3555,52,12
3556,34,5
3557,45,16
3558,28,15
3559,3,6
3560,26,17
3561,36,12
3562,97,10
3563,43,4
3564,44,9
3565,21,12
3566,23,18
3567,44,14
3568,56,10
3569,64,1
3570,81,2
3571,40,7
3572,78,18
3573,14,9
3574,35,3
3575,99,19
3576,15,18
3577,94,17
3578,65,8
3579,79,10
3580,74,4
3581,60,10
3582,94,17
3583,39,11
3584,70,15
3585,93,14
3586,60,11
3587,36,11
3588,80,2
3589,61,13
3590,87,3
3591,96,18
3592,51,10
3593,13,5
3594,61,14
3595,68,12
3596,75,8
3597,20,12
3598,12,7
3599,8,10
3600,20,15
3601,94,4
3602,27,3
3603,55,3
3604,93,1
3605,38,1
3606,17,5
3607,39,11
3608,87,1
3609,5,10
3610,40,13
3611,22,15
3612,69,11
3613,89,11
3614,28,13
3615,38,7
3616,50,5
3617,30,5
3618,99,7
3619,74,16
3620,75,13
3621,71,11
3622,34,3
3623,2,13
3624,95,6
3625,11,14
3626,6,16
3627,68,16
3628,29,13
3629,20,7
3630,16,7
3631,45,15
3632,94,9
3633,22,12
3634,19,12
3635,38,14
3636,41,7
3637,15,6
3638,51,2
3639,92,14
3640,61,12
3641,53,9
3642,51,14
3643,5,19
3644,23,9
3645,72,12
3646,38,6
3647,19,17
3648,35,2
3649,37,10
3650,19,17
3651,91,3
3652,98,11
3653,12,4
3654,10,12
3655,80,1
3656,20,7
3657,17,17
3658,62,18
3659,60,18
3660,88,13
3661,76,3
3662,68,4
3663,98,12
3664,13,7
3665,30,1
3666,78,13
3667,100,17
3668,12,1
3669,40,16
3670,41,18
3671,91,10
3672,70,14
3673,53,5
3674,34,6
3675,42,17
3676,63,10
3677,97,15
3678,86,8
3679,32,3
3680,71,16
3681,99,2
3682,73,1
3683,30,11
3684,21,11
3685,77,8
3686,77,18
3687,71,13
3688,20,19
3689,97,16
3690,15,18
3691,26,18
3692,69,19
3693,63,15
3694,22,13
3695,51,5
3696,42,19
3697,49,9
3698,78,19
3699,63,3
3700,36,13
3701,23,3
3702,48,6
3703,29,6
3704,77,17
3705,30,19
3706,17,7
3707,5,8
3708,91,19
3709,51,13
3710,8,1
3711,46,19
3712,86,7
3713,25,10
3714,78,3
3715,9,10
3716,68,8
3717,80,1
3718,97,5
3719,38,14
3720,47,19
3721,74,18
3722,75,17
3723,60,2
3724,75,3
3725,59,5
3726,84,19
3727,18,12
3728,12,2
3729,93,16
3730,75,8
3731,50,4
3732,18,16
3733,36,12
3734,33,2
3735,78,12
3736,97,14
3737,65,4
3738,92,16
3739,15,8
3740,87,1
3741,30,9
3742,19,1
3743,33,5
3744,97,16
3745,96,4
3746,11,13
3747,29,10
3748,62,1
3749,3,2
3750,2,4
3751,45,7
3752,38,13
3753,34,17
3754,81,4
3755,43,10
3756,23,2
3757,27,7
3758,94,11
3759,3,13
3760,97,15
3761,47,12
3762,34,13
3763,61,10
3764,96,7
3765,5,13
3766,100,1
3767,51,4
3768,47,16
3769,66,2
3770,50,4
3771,82,8
3772,34,2
3773,9,4
3774,71,3
3775,25,7
3776,23,16
3777,77,3
3778,91,7
3779,91,19
3780,44,3
3781,76,1
3782,67,2
3783,17,3
3784,42,4
3785,44,6
3786,57,1
3787,47,10
3788,6,15
3789,5,10
3790,30,11
3791,28,14
3792,57,2
3793,3,2
3794,89,3
3795,70,18
3796,46,10
3797,29,8
3798,62,9
3799,78,2
3800,30,6
3801,72,9
3802,18,15
3803,41,19
3804,32,1
3805,85,11
3806,55,6
3807,76,17
3808,46,6
3809,93,14
3810,5,3
3811,7,4
3812,14,7
3813,39,10
3814,4,7
3815,26,3
3816,21,4
3817,39,14
3818,23,2
3819,27,4
3820,1,6
3821,40,12
3822,76,15
3823,86,6
3824,97,2
3825,39,4
3826,54,7
3827,40,17
3828,80,2
3829,85,12
3830,39,1
3831,76,8
3832,4,18
3833,72,10
3834,10,5
3835,86,12
3836,51,16
3837,55,4
3838,72,15
3839,16,18
3840,60,19
3841,1,17
3842,43,13
3843,18,3
3844,73,8
3845,62,6
3846,33,12
3847,47,8
3848,62,13
3849,80,15
3850,23,9
3851,8,16
3852,10,18
3853,99,6
3854,51,16
3855,88,13
3856,39,15
3857,90,4
3858,26,18
3859,44,16
3860,95,11
3861,88,17
3862,57,5
3863,24,16
3864,79,3
3865,59,15
3866,30,10
3867,91,11
3868,68,18
3869,15,12
3870,79,12
3871,18,11
3872,42,2
3873,35,9
3874,36,17
3875,25,12
3876,34,7
3877,31,7
3878,18,11
3879,55,12
3880,90,1
3881,38,19
3882,13,13
3883,10,9
3884,39,19
3885,18,6
3886,14,19
3887,23,5
3888,52,17
3889,64,3
3890,9,5
3891,96,2
3892,37,5
3893,3,2
3894,55,6
3895,32,12
3896,31,13
3897,8,11
3898,82,10
3899,14,8
3900,78,5
3901,42,17
3902,20,19
3903,67,10
3904,58,5
3905,7,1
3906,84,11
3907,39,1
3908,92,14
3909,38,14
3910,35,11
3911,63,13
3912,67,8
3913,12,4
3914,33,8
3915,98,15
3916,77,13
3917,45,9
3918,61,2
3919,62,7
3920,6,13
3921,12,2
3922,9,14
3923,4,2
3924,78,2
3925,20,9
3926,30,10
3927,50,5
3928,3,12
3929,45,17
3930,11,9
3931,78,9
3932,39,8
3933,63,14
3934,13,9
3935,24,7
3936,58,14
3937,30,12
3938,38,12
3939,100,3
3940,43,19
3941,53,11
3942,84,19
3943,70,4
3944,70,18
3945,39,5
3946,8,19
3947,67,19
3948,74,5
3949,17,10
3950,99,13
3951,65,5
3952,99,1
3953,50,17
3954,87,5
3955,8,12
3956,38,19
3957,21,16
3958,54,14
3959,35,7
3960,27,7
3961,38,19
3962,96,8
3963,48,18
3964,84,2
3965,62,3
3966,40,12
3967,87,11
3968,30,4
3969,61,8
3970,95,4
3971,18,1
3972,29,19
3973,69,3
3974,51,15
3975,99,15
3976,41,16
3977,1,18
3978,11,12
3979,93,8
3980,75,16
3981,91,11
3982,16,14
3983,27,16
3984,68,2
3985,26,7
3986,84,15
3987,77,10
3988,62,11
3989,23,1
3990,37,19
3991,13,7
3992,70,12
3993,90,3
3994,29,15
3995,43,7
3996,49,13
3997,51,2
3998,33,11
3999,88,8
4000,67,1
4001,5,12
4002,97,17
4003,87,4
4004,19,15
4005,10,8
4006,11,13
4007,87,6
4008,63,12
4009,9,1
4010,45,9
4011,37,14
4012,5,18
4013,30,11
4014,71,15
4015,51,7
4016,75,5
4017,72,11
4018,17,13
4019,3,2
4020,99,1
4021,67,7
4022,5,5
4023,68,11
4024,84,18
4025,41,3
4026,17,12
4027,39,9
4028,17,10
4029,75,1
4030,47,1
4031,67,13
4032,8,6
4033,28,8
4034,26,17
4035,27,15
4036,13,1
4037,91,18
4038,24,12
4039,64,17
4040,16,4
4041,14,4
4042,79,14
4043,30,14
4044,79,19
4045,8,5
4046,93,11
4047,2,19
4048,78,5
4049,63,18
4050,38,17
4051,95,19
4052,51,9
4053,82,16
4054,59,8
4055,94,13
4056,44,14
4057,49,12
4058,28,15
4059,16,2
4060,41,14
4061,78,10
4062,39,16
4063,87,11
4064,10,6
4065,84,19
4066,92,1
4067,3,9
4068,12,1
4069,64,19
4070,6,18
4071,12,3
4072,22,16
4073,37,18
4074,28,7
4075,14,8
4076,28,1
4077,38,6
4078,44,16
4079,74,18
4080,78,1
4081,26,14
4082,47,8
4083,21,19
4084,74,3
4085,39,12
4086,89,3
4087,36,19
4088,62,8
4089,27,7
4090,87,5
4091,88,13
4092,25,10
4093,32,8
4094,93,5
4095,85,12
4096,1,9
4097,62,13
4098,15,4
4099,91,15
4100,4,11
4101,81,8
4102,35,11
4103,23,10
4104,39,13
4105,39,12
4106,75,9
4107,33,1
4108,3,19
4109,86,9
4110,25,1
4111,50,10
4112,75,1
4113,87,12
4114,84,15
4115,74,7
4116,84,19
4117,37,18
4118,39,15
4119,70,1
4120,23,4
4121,33,15
4122,24,10
4123,11,7
4124,60,10
4125,11,4
4126,2,12
4127,1,12
4128,63,4
4129,61,12
4130,90,8
4131,3,6
4132,31,6
4133,71,14
4134,32,6
4135,54,15
4136,63,6
4137,14,16
4138,7,3
4139,35,15
4140,54,17
4141,95,5
4142,79,11
4143,50,15
4144,55,8
4145,6,17
4146,58,17
4147,44,14
4148,92,2
4149,82,7
4150,74,9
4151,96,8
4152,19,3
4153,87,14
4154,67,9
4155,3,3
4156,4,14
4157,41,18
4158,76,4
4159,17,5
4160,57,7
4161,49,3
4162,13,12
4163,86,17
4164,30,3
4165,12,8
4166,24,1
4167,93,2
4168,81,14
4169,32,6
4170,92,9
4171,42,9
4172,79,18
4173,40,14
4174,49,3
4175,18,7
4176,77,4
4177,52,10
4178,46,2
4179,82,11
4180,47,17
4181,94,4
4182,75,17
4183,54,4
4184,49,15
4185,33,11
4186,21,12
4187,17,7
4188,75,15
4189,45,2
4190,71,4
4191,51,5
4192,56,4
4193,47,9
4194,41,10
4195,92,9
4196,1,18
4197,22,9
4198,71,7
4199,75,14
4200,17,18
4201,17,18
4202,28,9
4203,32,2
4204,69,7
4205,77,7
4206,25,19
4207,54,10
4208,77,11
4209,68,1
4210,56,14
4211,8,7
4212,48,9
4213,31,7
4214,33,16
4215,6,17
4216,94,12
4217,67,19
4218,31,19
4219,18,9
4220,65,13
4221,4,10
4222,8,10
4223,98,7
4224,47,1
4225,62,19
4226,100,12
4227,83,13
4228,64,5
4229,85,13
4230,20,11
4231,32,2
4232,69,3
4233,25,17
4234,8,16
4235,45,8
4236,48,19
4237,74,1
4238,3,3
4239,72,3
4240,3,14
4241,22,14
4242,55,4
4243,19,19
4244,77,8
4245,1,11
4246,23,8
4247,78,11
4248,57,3
4249,100,17
4250,62,8
4251,6,11
4252,83,18
4253,51,18
4254,45,17
4255,80,1
4256,57,13
4257,59,19
4258,34,17
4259,59,4
4260,37,14
4261,68,12
4262,43,11
4263,66,10
4264,24,19
4265,34,16
4266,32,14
4267,71,19
4268,97,2
4269,4,10
4270,87,17
4271,68,17
4272,49,19
4273,28,2
4274,21,14
4275,9,12
4276,7,2
4277,59,9
4278,48,14
4279,56,19
4280,65,14
4281,12,7
4282,61,9
4283,50,13
4284,56,14
4285,10,13
4286,6,12
4287,47,17
4288,1,10
4289,71,8
4290,98,12
4291,37,14
4292,34,16
4293,18,10
4294,76,5
4295,24,4
4296,14,9
4297,50,3
4298,28,6
4299,76,10
4300,88,15
4301,23,19
4302,21,11
4303,38,9
4304,44,13
4305,62,16
4306,90,13
4307,41,18
4308,74,16
4309,43,14
4310,88,1
4311,14,4
4312,10,15
4313,54,6
4314,74,1
4315,34,9
4316,35,8
4317,61,5
4318,81,17
4319,48,15
4320,75,12
4321,54,10
4322,43,14
4323,98,13
4324,51,6
4325,56,14
4326,87,5
4327,52,17
4328,74,8
4329,31,2
4330,3,7
4331,15,15
4332,50,13
4333,93,14
4334,45,6
4335,22,19
4336,13,14
4337,12,4
4338,43,18
4339,56,1
4340,98,3
4341,55,8
4342,97,5
4343,50,19
4344,21,7
4345,22,6
4346,56,17
4347,62,6
4348,18,19
4349,53,19
4350,7,5
4351,84,15
4352,7,17
4353,48,19
4354,73,19
4355,48,1
4356,61,15
4357,22,13
4358,35,3
4359,50,10
4360,39,9
4361,90,10
4362,6,18
4363,72,6
4364,5,7
4365,4,7
4366,40,10
4367,3,1
4368,25,9
4369,59,9
4370,75,17
4371,100,2
4372,32,15
4373,98,17
4374,70,15
4375,12,3
4376,34,16
4377,58,14
4378,16,12
4379,83,9
4380,82,11
4381,82,5
4382,74,1
4383,69,5
4384,20,11
4385,6,13
4386,32,5
4387,74,3
4388,59,15
4389,12,8
4390,29,5
4391,49,1
4392,10,18
4393,1,4
4394,44,19
4395,49,11
4396,14,18
4397,5,19
4398,55,3
4399,20,7
4400,37,15
4401,44,10
4402,23,14
4403,91,8
4404,65,9
4405,86,19
4406,63,3
4407,20,15
4408,80,4
4409,79,13
4410,6,10
4411,24,2
4412,100,13
4413,44,6
4414,64,4
4415,75,14
4416,96,1
4417,55,16
4418,2,9
4419,45,2
4420,11,2
4421,63,11
4422,44,10
4423,56,14
4424,54,3
4425,41,17
4426,88,14
4427,64,7
4428,93,18
4429,35,13
4430,62,2
4431,48,6
4432,75,2
4433,53,5
4434,65,2
4435,67,18
4436,9,16
4437,3,15
4438,69,8
4439,23,7
4440,55,10
4441,15,14
4442,60,10
4443,22,17
4444,96,18
4445,13,16
4446,59,13
4447,20,5
4448,42,19
4449,48,18
4450,57,8
4451,3,19
4452,99,2
4453,1,13
4454,96,9
4455,95,8
4456,1,2
4457,55,15
4458,52,16
4459,2,17
4460,10,8
4461,1,8
4462,27,5
4463,50,18
4464,64,17
4465,42,11
4466,24,11
4467,48,16
4468,18,6
4469,74,11
4470,14,17
4471,34,15
4472,78,19
4473,86,5
4474,39,10
4475,52,14
4476,27,18
4477,87,7
4478,63,12
4479,55,8
4480,67,6
4481,44,2
4482,12,9
4483,13,2
4484,91,11
4485,22,2
4486,19,6
4487,98,7
4488,76,6
4489,25,4
4490,66,19
4491,97,7
4492,11,6
4493,59,15
4494,12,13
4495,38,12
4496,59,6
4497,57,13
4498,88,7
4499,9,9
4500,56,9
4501,17,6
4502,46,16
4503,7,1
4504,97,6
4505,75,7
4506,5,3
4507,16,1
4508,85,17
4509,40,9
4510,15,3
4511,40,1
4512,8,17
4513,36,9
4514,96,10
4515,60,5
4516,76,8
4517,3,16
4518,58,13
4519,91,1
4520,64,9
4521,37,14
4522,46,6
4523,9,10
4524,56,19
4525,91,19
4526,70,5
4527,89,17
4528,71,12
4529,86,10
4530,9,2
4531,73,13
4532,80,8
4533,16,14
4534,18,1
4535,5,14
4536,16,3
4537,77,7
4538,28,9
4539,59,7
4540,14,17
4541,89,18
4542,40,11
4543,47,13
4544,18,14
4545,26,11
4546,29,11
4547,22,14
4548,93,7
4549,69,16
4550,67,2
4551,61,10
4552,9,19
4553,3,4
4554,93,4
4555,5,15
4556,3,6
4557,68,9
4558,63,3
4559,52,3
4560,34,17
4561,59,18
4562,10,15
4563,93,14
4564,56,9
4565,69,1
4566,93,1
4567,94,1
4568,48,14
4569,47,4
4570,50,11
4571,39,7
4572,58,14
4573,30,7
4574,57,5
4575,52,9
4576,49,3
4577,19,13
4578,18,7
4579,63,8
4580,80,11
4581,24,6
4582,58,11
4583,6,2
4584,46,2
4585,62,4
4586,67,16
4587,79,10
4588,73,15
4589,39,4
4590,1,18
4591,62,5
4592,28,12
4593,70,3
4594,96,6
4595,75,18
4596,78,7
4597,88,4
4598,43,8
4599,19,7
4600,98,10
4601,15,12
4602,17,19
4603,24,3
4604,90,12
4605,6,4
4606,97,4
4607,14,4
4608,21,4
4609,37,18
4610,23,17
4611,4,5
4612,49,5
4613,66,16
4614,30,11
4615,65,14
4616,4,14
4617,64,13
4618,38,13
4619,43,1
4620,20,8
4621,86,8
4622,97,2
4623,47,15
4624,73,18
4625,80,6
4626,50,1
4627,77,13
4628,36,18
4629,98,7
4630,55,15
4631,73,9
4632,25,6
4633,15,5
4634,6,5
4635,48,8
4636,19,13
4637,45,11
4638,31,13
4639,76,9
4640,43,12
4641,55,14
4642,100,13
4643,39,9
4644,28,11
4645,28,4
4646,71,18
4647,4,14
4648,79,7
4649,30,18
4650,75,12
4651,30,12
4652,61,2
4653,4,8
4654,25,5
4655,95,14
4656,12,14
4657,32,7
4658,36,19
4659,18,3
4660,6,8
4661,15,8
4662,53,3
4663,88,13
4664,20,4
4665,78,4
4666,45,10
4667,91,5
4668,19,3
4669,43,12
4670,29,1
4671,34,19
4672,1,15
4673,37,15
4674,74,6
4675,86,12
4676,46,3
4677,56,3
4678,41,7
4679,55,15
4680,79,14
4681,29,14
4682,7,5
4683,93,1
4684,17,9
4685,67,10
4686,74,14
4687,46,18
4688,100,9
4689,68,2
4690,86,17
4691,8,17
4692,10,19
4693,29,16
4694,41,19
4695,21,5
4696,50,5
4697,14,11
4698,19,9
4699,1,2
4700,36,9
4701,17,9
4702,16,6
4703,10,10
4704,34,1
4705,73,10
4706,7,11
4707,38,7
4708,72,4
4709,27,19
4710,29,12
4711,76,9
4712,69,17
4713,98,10
4714,73,13
4715,100,8
4716,62,4
4717,43,11
4718,8,15
4719,20,11
4720,100,10
4721,36,1
4722,71,18
4723,43,15
4724,82,16
4725,3,18
4726,65,18
4727,82,8
4728,85,18
4729,27,8
4730,60,5
4731,66,18
4732,30,19
4733,73,12
4734,100,12
4735,85,13
4736,90,14
4737,53,5
4738,77,3
4739,92,18
4740,38,14
4741,45,19
4742,57,4
4743,50,12
4744,82,8
4745,80,18
4746,33,10
4747,13,5
4748,24,3
4749,82,17
4750,70,12
4751,37,16
4752,88,7
4753,6,1
4754,87,3
4755,33,2
4756,4,15
4757,79,5
4758,48,19
4759,31,3
4760,84,8
4761,47,3
4762,34,19
4763,19,18
4764,57,1
4765,98,15
4766,12,16
4767,72,1
4768,75,2
4769,84,17
4770,87,18
4771,4,15
4772,34,12
4773,77,13
4774,8,16
4775,66,4
4776,20,9
4777,23,5
4778,98,7
4779,27,1
4780,18,7
4781,12,11
4782,26,14
4783,78,13
4784,89,5
4785,2,11
4786,86,19
4787,55,7
4788,42,13
4789,90,19
4790,66,14
4791,76,1
4792,85,15
4793,91,19
4794,53,18
4795,34,12
4796,69,6
4797,32,6
4798,59,18
4799,87,14
4800,12,16
4801,74,8
4802,88,15
4803,54,5
4804,43,17
4805,5,11
4806,16,6
4807,69,17
4808,42,11
4809,6,10
4810,88,11
4811,75,1
4812,82,14
4813,49,5
4814,6,5
4815,81,6
4816,37,3
4817,98,18
4818,94,6
4819,20,13
4820,59,13
4821,52,17
4822,59,11
4823,29,12
4824,4,18
4825,59,9
4826,97,3
4827,82,10
4828,41,2
4829,81,2
4830,76,9
4831,23,4
4832,77,19
4833,93,15
4834,62,17
4835,78,17
4836,17,5
4837,88,12
4838,100,17
4839,71,5
4840,46,14
4841,25,16
4842,9,14
4843,41,1
4844,27,3
4845,13,16
4846,47,4
4847,64,7
4848,95,6
4849,30,12
4850,38,17
4851,98,10
4852,17,10
4853,40,17
4854,15,16
4855,88,13
4856,22,7
4857,12,6
4858,69,6
4859,94,13
4860,87,2
4861,84,18
4862,30,9
4863,78,16
4864,2,3
4865,27,5
4866,89,2
4867,14,10
4868,74,1
4869,30,19
4870,21,13
4871,41,10
4872,24,13
4873,8,19
4874,84,8
4875,16,4
4876,59,6
4877,74,8
4878,59,17
4879,88,1
4880,18,17
4881,95,14
4882,47,13
4883,15,7
4884,25,2
4885,89,6
4886,30,13
4887,45,17
4888,88,18
4889,31,17
4890,18,7
4891,33,5
4892,75,11
4893,2,11
4894,31,7
4895,26,15
4896,43,14
4897,60,4
4898,22,16
4899,11,19
4900,35,10
4901,62,13
4902,41,4
4903,79,3
4904,55,19
4905,28,5
4906,75,18
4907,35,8
4908,23,2
4909,19,11
4910,16,8
4911,50,14
4912,59,11
4913,25,15
4914,50,19
4915,43,15
4916,73,17
4917,3,8
4918,17,9
4919,14,3
4920,60,15
4921,6,18
4922,23,19
4923,16,10
4924,12,14
4925,83,2
4926,71,18
4927,24,6
4928,76,5
4929,35,14
4930,76,4
4931,34,15
4932,98,16
4933,89,16
4934,93,2
4935,81,7
4936,52,10
4937,100,14
4938,49,10
4939,29,3
4940,92,10
4941,9,2
4942,98,8
4943,44,18
4944,34,6
4945,94,16
4946,27,8
4947,88,7
4948,7,4
4949,78,9
4950,89,8
4951,30,3
4952,65,9
4953,69,17
4954,93,14
4955,36,18
4956,44,12
4957,13,4
4958,2,10
4959,10,11
4960,43,1
4961,96,5
4962,15,11
4963,10,13
4964,2,8
4965,49,5
4966,46,13
4967,98,14
4968,70,16
4969,65,17
4970,86,6
4971,24,2
4972,21,19
4973,10,1
4974,98,2
4975,5,15
4976,73,5
4977,40,4
4978,94,18
4979,94,7
4980,61,18
4981,57,12
4982,39,3
4983,33,15
4984,40,17
4985,63,2
4986,62,2
4987,79,14
4988,9,19
4989,35,18
4990,43,19
4991,74,19
4992,8,17
4993,47,8
4994,59,1
4995,27,7
4996,18,3
4997,59,4
4998,87,18
4999,26,8
5000,47,1