transactionid,homeid,buyerid,sellerid,employeeid,date,amount,transactiontype
1,63,705,150,8,7/18/22,2756105,Rent
2,95,896,426,66,9/1/20,4838094,Sale
3,63,232,280,18,12/9/21,3878982,Sale
4,71,4,337,61,2/12/22,3326138,Sale
5,15,718,652,16,5/25/21,606562,Rent
6,98,601,695,86,11/12/21,4468418,Sale
7,81,809,931,54,11/18/22,2729479,Sale
8,71,714,422,81,9/2/22,4511295,Rent
9,13,838,909,16,6/13/21,2767615,Rent
10,99,127,932,70,9/13/22,4840703,Rent
11,70,673,685,46,2/15/21,2254528,Sale
12,26,472,571,92,4/19/20,3587410,Rent
13,36,136,162,28,5/8/20,1576812,Sale
14,78,70,453,5,5/25/20,2098282,Rent
15,53,886,929,95,3/27/22,2800784,Sale
16,5,136,756,3,4/2/21,216458,Sale
17,97,376,529,68,3/27/21,1565140,Sale
18,63,425,688,99,6/13/20,763349,Rent
19,33,921,817,48,11/13/22,1958617,Rent
20,32,998,571,11,4/16/22,703471,Sale
21,36,867,637,99,3/17/22,2129771,Rent
22,1,656,434,33,4/11/21,4970475,Sale
23,66,928,989,28,5/2/21,3939911,Sale
24,73,804,620,52,12/4/21,1203714,Rent
25,69,399,699,54,11/14/20,1548134,Sale
26,11,603,560,44,1/29/20,3161715,Sale
27,82,589,213,6,3/6/20,1157982,Sale
28,33,164,140,58,8/9/22,1466243,Sale
29,33,568,228,66,10/17/22,1858265,Sale
30,96,130,560,67,3/22/20,627113,Rent
31,10,297,612,4,8/23/20,468535,Sale
32,80,623,418,88,12/26/22,967918,Sale
33,65,852,817,61,3/5/21,203868,Sale
34,26,816,901,53,8/8/22,267086,Sale
35,65,591,317,25,7/17/21,698363,Rent
36,70,270,892,48,1/4/20,3032789,Sale
37,33,235,64,10,1/11/22,653905,Rent
38,81,131,862,57,12/13/21,3458202,Sale
39,40,253,126,19,2/15/20,4456605,Sale
40,43,454,335,47,3/24/21,2987171,Rent
41,9,32,785,91,2/12/21,415143,Rent
42,87,59,557,60,12/10/21,1691138,Sale
43,48,886,794,56,2/16/20,4750630,Sale
44,72,99,466,61,7/22/20,1907288,Sale
45,39,741,620,11,11/15/20,316498,Sale
46,4,180,244,5,2/13/21,4461467,Sale
47,86,69,872,70,6/28/21,1847756,Sale
48,8,943,396,49,9/23/20,4877588,Sale
49,2,547,268,49,8/4/22,1093243,Sale
50,78,993,382,58,11/29/22,3952726,Sale
51,83,120,432,66,11/20/20,1946725,Rent
52,82,739,774,59,3/7/22,1874740,Sale
53,53,767,339,57,11/8/20,801681,Sale
54,37,316,685,20,5/1/22,139065,Sale
55,62,552,906,1,10/11/20,3643810,Sale
56,5,963,256,77,8/14/22,3090368,Sale
57,22,902,966,80,7/15/20,800939,Sale
58,60,882,129,80,9/3/21,4220632,Sale
59,32,312,289,87,2/10/22,3152680,Rent
60,19,925,872,16,9/23/20,1932384,Sale
61,62,661,273,52,6/21/22,3391392,Rent
62,39,809,275,25,12/1/20,4739969,Sale
63,48,845,522,50,9/18/21,2473727,Sale
64,38,798,655,90,8/9/20,2462830,Rent
65,22,62,665,27,6/15/21,1005260,Sale
66,64,170,927,63,4/21/20,2319490,Sale
67,67,397,522,44,8/14/20,844458,Rent
68,96,815,864,56,8/13/21,3314619,Rent
69,52,502,395,36,5/17/21,1401001,Sale
70,39,896,204,57,12/3/21,2080301,Sale
71,100,4,702,69,9/1/21,3701884,Rent
72,93,661,900,53,6/16/22,4153566,Rent
73,89,617,911,56,5/3/20,4102982,Sale
74,63,412,862,4,8/4/21,4415824,Sale
75,37,949,256,56,2/2/21,364223,Rent
76,67,389,818,84,2/12/21,3116237,Sale
77,28,595,685,53,3/11/22,4487700,Sale
78,74,164,569,84,8/8/20,3428817,Rent
79,16,590,785,89,10/17/22,3880406,Sale
80,69,461,332,22,12/4/22,3593160,Sale
81,9,260,684,53,2/29/20,3252533,Sale
82,81,464,144,79,1/10/20,3247342,Sale
83,52,312,200,97,11/15/22,736340,Rent
84,35,107,28,96,3/3/22,1394569,Rent
85,61,470,525,22,4/27/21,819188,Sale
86,47,6,597,47,8/8/21,4232354,Sale
87,56,80,404,63,3/15/22,869088,Sale
88,73,310,93,98,9/7/21,4657754,Sale
89,59,205,100,47,9/21/22,3728979,Rent
90,54,479,335,2,7/28/21,4288047,Sale
91,59,840,28,38,6/25/22,1502643,Sale
92,82,444,638,79,7/2/21,3210207,Sale
93,64,723,847,42,10/6/21,138625,Sale
94,86,180,262,33,3/5/21,3106042,Sale
95,4,661,621,32,4/20/20,1545865,Sale
96,5,544,484,99,5/9/20,2922777,Sale
97,78,458,756,37,9/13/20,1534147,Rent
98,98,650,806,71,2/8/20,1644925,Sale
99,12,16,785,80,9/22/21,2598083,Sale
100,84,502,54,60,9/27/21,2947491,Sale
101,97,353,384,32,7/28/22,2774840,Rent
102,22,587,554,96,10/16/22,1929649,Rent
103,15,103,744,40,12/13/22,3267550,Rent
104,12,545,504,30,11/8/20,485501,Sale
105,48,782,554,6,6/9/21,4360681,Rent
106,49,433,419,51,7/31/22,546666,Sale
107,76,107,863,89,7/8/22,2139622,Sale
108,53,288,584,46,2/24/20,1814856,Sale
109,49,157,426,20,12/1/20,4517020,Sale
110,16,552,823,13,9/27/21,178799,Sale
111,52,464,960,68,7/6/22,2243684,Rent
112,19,37,499,55,8/31/21,1555697,Sale
113,90,540,890,50,6/2/21,1974730,Sale
114,46,854,745,84,4/9/20,1592715,Sale
115,10,32,991,65,9/17/20,487392,Sale
116,49,595,630,76,1/30/21,3035711,Rent
117,87,180,688,63,11/2/22,480347,Sale
118,99,564,497,36,7/3/20,4818031,Sale
119,72,816,100,23,7/20/22,4059564,Rent
120,47,999,863,99,10/26/20,114878,Sale
121,61,493,847,7,10/21/22,2819380,Sale
122,11,907,575,14,9/27/20,1415716,Sale
123,29,749,55,60,10/29/20,1119049,Rent
124,5,919,510,9,9/1/22,1802268,Sale
125,26,998,670,90,12/6/20,406361,Sale
126,48,924,602,96,3/16/21,3997444,Sale
127,30,278,569,71,6/21/22,4272414,Sale
128,87,628,774,90,12/24/22,1433325,Rent
129,24,661,956,95,6/19/20,3992587,Sale
130,95,552,884,93,4/10/22,4225688,Sale
131,5,736,583,35,9/28/20,4534191,Sale
132,91,668,469,74,4/24/20,595804,Sale
133,1,636,579,3,5/30/21,3430368,Sale
134,34,58,817,24,12/16/20,3026686,Sale
135,87,478,264,85,9/14/21,1040625,Sale
136,7,797,522,35,4/23/22,1195515,Sale
137,26,297,218,94,1/3/20,238468,Sale
138,66,292,764,15,5/4/21,4448113,Sale
139,13,553,370,95,8/8/20,3657354,Rent
140,35,483,57,18,7/16/20,1637299,Sale
141,86,458,932,70,9/5/20,4958266,Sale
142,22,215,817,40,10/20/21,3709821,Sale
143,93,887,306,46,12/21/22,2802444,Rent
144,58,572,145,22,4/28/21,1287810,Sale
145,73,919,585,87,12/23/22,514154,Sale
146,49,253,929,48,9/5/21,3818819,Rent
147,48,946,909,47,3/29/20,1922315,Sale
148,41,479,873,1,6/30/21,1212480,Sale
149,14,587,217,64,12/7/20,2808009,Sale
150,2,284,812,96,3/5/21,558462,Sale
151,45,311,785,14,11/21/21,3072814,Sale
152,44,591,551,44,8/3/21,4336114,Sale
153,19,537,13,44,6/22/21,1606252,Rent
154,27,921,862,77,10/2/22,64310,Rent
155,9,458,766,50,11/10/20,1875971,Sale
156,70,882,499,14,9/25/21,1412135,Rent
157,78,779,74,43,6/12/21,595765,Rent
158,66,983,989,78,7/25/20,71583,Sale
159,30,456,669,17,6/3/20,203803,Rent
160,92,535,612,87,8/23/20,3530966,Sale
161,51,590,413,93,6/19/20,4964654,Sale
162,2,502,543,35,3/25/20,4654680,Sale
163,1,421,647,88,11/19/22,639777,Rent
164,13,458,79,19,8/23/20,4073456,Sale
165,5,386,465,77,6/18/20,2689582,Rent
166,18,188,892,61,10/11/21,3109318,Sale
167,43,316,709,99,3/18/20,3565576,Sale
168,86,8,817,79,10/13/21,1595150,Sale
169,77,431,863,67,12/15/21,4968447,Sale
170,80,69,142,64,1/19/22,4139857,Sale
171,81,130,837,86,7/23/21,3109370,Rent
172,71,103,79,25,9/26/21,4039814,Rent
173,12,170,794,95,10/15/22,1798061,Sale
174,98,359,449,45,5/10/20,1897825,Sale
175,28,366,167,69,2/11/20,450185,Sale
176,36,89,774,62,8/28/21,71132,Sale
177,42,666,674,71,1/28/20,1727349,Sale
178,3,260,732,58,5/17/20,2547169,Rent
179,31,719,473,48,1/7/22,2196014,Sale
180,2,323,176,87,7/8/22,596926,Sale
181,10,834,746,28,8/17/22,4585921,Sale
182,40,240,916,61,2/27/21,4436625,Rent
183,31,568,892,22,4/30/21,4537652,Rent
184,19,20,746,56,4/4/22,1946690,Rent
185,38,888,40,88,2/17/21,4042496,Sale
186,20,887,633,44,7/5/20,2232007,Sale
187,22,580,64,64,6/24/20,730708,Sale
188,64,719,911,82,11/9/21,2005307,Sale
189,3,623,187,95,2/21/20,3147653,Sale
190,91,591,678,35,5/10/20,882938,Sale
191,95,728,780,41,7/15/22,786230,Rent
192,31,452,74,81,8/6/22,1333841,Sale
193,7,705,812,59,4/11/22,3877947,Sale
194,95,486,230,91,8/19/20,4060496,Sale
195,31,110,855,75,11/13/22,4315752,Sale
196,51,507,282,79,10/16/21,267162,Sale
197,1,431,241,94,10/28/22,4979161,Rent
198,19,856,104,77,12/16/21,4912207,Sale
199,90,424,396,17,1/7/20,1272514,Rent
200,62,207,654,74,1/26/21,1248345,Sale
201,55,284,702,11,1/11/20,4947440,Sale
202,99,461,104,13,12/11/22,2351155,Sale
203,35,580,313,47,6/3/21,1918962,Sale
204,10,913,665,74,1/10/20,4505088,Sale
205,6,856,187,63,10/9/22,4094676,Sale
206,86,96,419,83,9/13/20,1092364,Sale
207,99,69,200,58,11/23/21,1225088,Rent
208,72,113,883,23,6/7/21,2039720,Sale
209,32,454,570,9,1/2/22,646575,Rent
210,90,32,191,92,4/4/20,2598293,Sale
211,8,959,863,49,9/24/20,2919454,Sale
212,54,20,344,29,8/14/21,459733,Sale
213,35,640,756,91,6/8/21,1013502,Sale
214,77,254,892,43,5/15/21,3055201,Rent
215,69,310,142,87,11/30/22,1359634,Sale
216,49,269,756,36,2/13/20,1901839,Sale
217,23,698,976,85,11/13/22,222191,Sale
218,67,656,584,41,8/21/20,3526379,Rent
219,31,381,722,100,10/25/21,3928382,Rent
220,82,356,463,63,1/13/21,3400958,Sale
221,36,112,354,32,5/30/21,2888216,Sale
222,42,949,477,87,10/25/22,3062856,Rent
223,22,102,931,27,11/23/21,3152800,Rent
224,20,319,234,26,10/13/22,3328735,Sale
225,40,389,654,35,3/4/22,549003,Rent
226,75,718,341,26,4/13/22,4496309,Sale
227,13,260,911,32,8/6/20,691023,Sale
228,76,924,9,63,2/7/21,473980,Sale
229,65,581,441,40,10/22/21,1055474,Sale
230,23,288,975,78,1/10/20,2811277,Sale
231,18,475,965,37,10/29/22,983217,Sale
232,69,182,906,8,4/24/22,3565986,Sale
233,94,316,674,37,4/30/22,3287073,Sale
234,10,203,67,16,12/17/22,4704916,Sale
235,26,568,34,25,6/21/21,558074,Sale
236,16,530,732,61,12/2/22,3466114,Sale
237,32,657,482,20,11/1/21,2539980,Rent
238,26,589,418,70,2/13/22,2712562,Rent
239,87,103,710,88,3/9/20,3268961,Sale
240,30,425,901,46,6/16/20,1364939,Sale
241,46,59,929,67,12/18/21,822755,Sale
242,67,444,259,13,11/2/20,4738698,Rent
243,46,25,909,14,4/2/20,3950930,Rent
244,30,80,144,81,8/12/22,3694301,Rent
245,6,51,800,30,9/11/22,1905691,Sale
246,35,292,631,23,11/14/20,2292494,Sale
247,95,154,969,49,1/1/20,1059324,Sale
248,11,172,200,23,12/28/20,356921,Rent
249,57,815,612,68,3/19/21,1205080,Sale
250,45,902,904,58,6/16/21,1759819,Sale
251,15,114,348,10,8/7/21,2435621,Sale
252,97,459,162,14,11/19/20,458133,Sale
253,62,547,607,24,1/28/21,4996567,Sale
254,86,537,702,11,8/16/20,3717375,Rent
255,3,576,153,100,9/21/22,195262,Sale
256,21,973,150,68,8/5/21,1511410,Rent
257,93,924,619,79,12/31/21,2092733,Sale
258,71,103,286,86,11/6/20,806551,Sale
259,83,209,371,98,4/15/20,4003242,Sale
260,66,714,938,36,2/20/21,4318163,Sale
261,72,899,966,69,10/2/21,4670829,Sale
262,88,887,813,4,8/20/21,4245424,Sale
263,25,540,756,74,2/27/21,4525896,Sale
264,83,739,473,27,5/5/21,2152900,Sale
265,90,848,699,29,6/12/21,1249993,Sale
266,38,3,853,56,3/17/21,2601242,Sale
267,57,248,339,33,8/14/21,4596523,Sale
268,84,245,607,47,6/16/22,211797,Rent
269,63,405,612,49,4/5/22,1699940,Rent
270,86,793,583,99,7/26/21,1335239,Sale
271,100,376,643,80,12/2/20,2408597,Rent
272,13,62,574,3,7/8/22,872323,Sale
273,75,127,543,89,4/9/21,4989186,Sale
274,39,648,709,70,12/16/20,4459648,Rent
275,8,353,262,57,5/3/20,1609691,Rent
276,79,253,34,66,6/1/20,1975878,Sale
277,16,138,468,6,12/23/20,2026129,Rent
278,8,875,966,68,5/25/22,2088490,Sale
279,98,640,678,46,7/20/22,2933972,Rent
280,12,383,618,80,8/12/21,1911052,Sale
281,97,951,569,44,4/29/22,57121,Sale
282,89,795,645,71,3/3/20,1472021,Rent
283,36,121,104,98,9/29/20,3803455,Sale
284,25,238,390,12,6/3/20,1915484,Sale
285,44,80,477,12,1/15/22,1690046,Sale
286,8,592,324,38,5/13/20,1089319,Sale
287,97,305,484,10,3/15/21,3706081,Rent
288,4,601,396,21,1/15/20,4158995,Sale
289,8,240,344,92,2/22/22,2685913,Rent
290,97,672,900,50,1/27/22,3680827,Sale
291,44,270,554,52,3/22/20,3262365,Sale
292,94,590,55,13,12/23/21,4532691,Sale
293,20,182,750,86,6/12/22,1934255,Sale
294,15,338,162,81,2/18/22,2276484,Sale
295,81,999,975,34,10/23/20,292071,Sale
296,72,696,678,31,5/30/21,243431,Sale
297,26,895,150,58,9/12/21,1060067,Rent
298,3,400,419,15,11/16/21,102572,Sale
299,96,779,579,80,11/2/20,1710663,Rent
300,19,438,474,33,8/8/20,1317925,Rent
301,32,946,531,2,4/19/22,2886223,Sale
302,1,405,373,7,10/20/21,4326526,Sale
303,50,209,890,60,6/12/21,3550321,Sale
304,50,541,631,95,3/31/22,2425736,Rent
305,67,180,469,57,4/13/21,339551,Sale
306,7,535,747,61,12/21/21,2960912,Sale
307,55,479,607,97,12/1/21,2857725,Sale
308,44,687,555,67,7/27/21,4611490,Sale
309,20,131,335,61,5/10/22,4060274,Sale
310,85,869,812,63,11/21/22,3505763,Sale
311,28,397,619,99,1/23/20,4101788,Sale
312,65,312,624,90,12/9/22,553925,Rent
313,68,99,201,42,5/25/20,3756142,Sale
314,100,136,345,74,1/16/21,4732949,Rent
315,48,719,706,60,3/30/21,2642881,Sale
316,35,983,514,70,10/12/21,703547,Sale
317,10,568,74,85,2/1/20,1357938,Sale
318,16,158,453,51,12/27/21,3324368,Rent
319,46,925,911,2,3/19/21,4741740,Sale
320,28,353,289,57,9/19/21,1908890,Sale
321,77,51,510,47,12/5/21,608656,Sale
322,7,742,931,47,10/2/22,337722,Sale
323,46,983,724,12,7/30/20,3229849,Sale
324,78,4,817,16,8/21/20,2174675,Sale
325,3,838,960,37,5/30/20,3383696,Sale
326,47,2,93,38,11/1/20,1799712,Sale
327,71,136,932,65,7/6/20,2366203,Sale
328,37,475,204,59,5/31/20,3738559,Sale
329,79,170,927,7,5/7/22,2653095,Sale
330,60,32,307,76,7/9/22,930949,Sale
331,78,601,404,10,5/13/21,4611701,Rent
332,68,394,637,29,3/17/20,4008768,Sale
333,47,401,259,7,4/9/21,4304097,Rent
334,67,475,685,41,3/13/21,1316019,Rent
335,62,438,665,91,6/2/21,3038379,Sale
336,44,528,658,84,8/10/21,1982624,Rent
337,45,795,210,13,4/29/22,2332495,Sale
338,11,483,200,43,10/14/20,3316247,Sale
339,10,130,123,60,1/16/20,3122922,Sale
340,10,442,465,83,7/1/21,3022875,Rent
341,42,751,140,94,4/30/21,3404741,Sale
342,70,61,900,14,11/7/22,4096868,Rent
343,37,406,780,7,9/12/21,2460602,Sale
344,90,779,885,41,11/17/21,3231831,Rent
345,26,178,685,25,1/22/22,3205980,Sale
346,35,87,468,89,9/16/21,3492111,Sale
347,96,941,268,36,1/21/22,4508919,Sale
348,2,171,825,15,11/10/22,980069,Rent
349,68,127,123,68,7/20/20,4918983,Rent
350,55,406,560,66,3/31/21,4951257,Rent
351,20,736,335,2,3/19/20,4433270,Sale
352,68,887,679,3,6/9/20,3042143,Sale
353,7,394,932,45,8/1/22,828587,Sale
354,41,874,885,4,3/15/20,1512076,Sale
355,19,247,378,31,2/14/20,943014,Rent
356,36,867,384,43,12/5/20,2498402,Sale
357,81,3,354,35,3/30/22,3433094,Sale
358,6,444,638,22,1/6/21,3192445,Sale
359,89,278,79,13,3/13/22,501892,Rent
360,69,886,367,99,6/12/22,1830891,Sale
361,6,893,618,75,12/5/22,2306426,Sale
362,65,949,68,71,9/23/22,602255,Sale
363,47,576,274,59,5/13/20,359332,Sale
364,81,535,916,26,11/21/22,362606,Sale
365,90,90,654,48,6/30/20,364005,Sale
366,71,772,54,8,8/11/22,4616360,Rent
367,32,697,468,76,2/14/22,4533082,Rent
368,27,232,468,92,1/16/21,1028613,Rent
369,22,172,480,59,5/28/20,4197010,Sale
370,20,705,52,53,12/3/20,4082562,Sale
371,18,452,864,33,11/17/22,4682233,Sale
372,33,668,931,16,12/16/20,3464171,Rent
373,54,852,534,88,2/19/20,3975165,Sale
374,14,288,631,46,7/6/22,1597273,Sale
375,46,500,93,54,9/15/20,2210968,Sale
376,70,475,93,9,11/9/22,1197037,Sale
377,44,80,900,67,12/21/22,825759,Sale
378,76,431,317,23,6/16/20,2749701,Sale
379,42,399,996,62,4/4/20,2590936,Sale
380,21,18,465,13,12/7/21,3437201,Sale
381,32,203,879,41,6/16/22,124317,Rent
382,86,503,619,47,4/14/21,2127871,Sale
383,60,973,531,46,4/30/20,1380169,Rent
384,9,535,199,2,1/30/22,2134516,Rent
385,33,545,849,55,5/22/20,92106,Sale
386,33,590,573,89,2/6/20,2859049,Rent
387,56,444,195,34,9/13/21,1185089,Sale
388,20,459,465,70,7/15/21,1814907,Sale
389,9,526,384,97,8/28/21,1559433,Sale
390,13,552,48,2,8/12/21,723561,Sale
391,7,951,664,77,6/8/20,635150,Sale
392,1,51,560,76,5/17/21,2195277,Sale
393,54,535,237,26,9/8/21,4097054,Sale
394,38,121,104,26,1/23/22,4556134,Sale
395,91,866,348,91,7/10/21,3142023,Sale
396,19,725,477,24,12/17/21,2361593,Rent
397,82,854,450,2,1/21/20,1426029,Rent
398,6,905,301,69,11/18/20,1102820,Sale
399,63,31,710,70,8/18/21,3503630,Sale
400,3,941,339,85,7/23/22,3452752,Rent
401,71,671,876,17,4/20/20,4676920,Sale
402,56,70,189,46,2/15/20,437438,Sale
403,14,797,100,28,3/7/20,4878851,Sale
404,97,312,879,13,8/6/21,3210622,Sale
405,33,136,966,64,5/28/21,3886519,Sale
406,60,845,422,23,9/23/20,720601,Sale
407,54,278,306,62,1/29/20,4437249,Sale
408,95,131,67,46,11/26/21,554183,Sale
409,56,260,273,34,8/11/20,2295599,Sale
410,17,544,876,44,1/29/21,4825756,Sale
411,96,209,965,52,8/22/20,4369598,Sale
412,92,886,652,15,1/21/22,3279533,Rent
413,44,182,140,46,9/20/22,2896441,Rent
414,60,483,817,19,3/28/22,1845306,Rent
415,86,260,745,34,6/11/20,1961204,Sale
416,28,297,585,85,7/20/21,4651099,Sale
417,74,565,584,22,8/25/20,4864365,Rent
418,1,711,647,5,10/3/21,1039976,Rent
419,82,486,76,95,1/25/22,4704768,Sale
420,88,472,344,31,11/21/20,2891486,Rent
421,10,232,259,30,4/9/21,665021,Rent
422,33,768,125,98,11/26/21,1662575,Sale
423,93,896,608,49,5/23/20,385130,Rent
424,88,697,200,78,7/18/20,3843080,Sale
425,48,431,670,41,6/11/20,2579673,Rent
426,36,314,965,64,8/31/20,4800643,Sale
427,43,401,695,96,1/26/20,1318692,Sale
428,23,164,710,53,9/17/22,4539656,Rent
429,59,414,256,98,10/10/22,822387,Rent
430,28,416,873,83,8/12/20,3381960,Sale
431,48,276,724,91,6/26/22,3110544,Sale
432,25,500,344,60,12/18/21,3523808,Sale
433,94,82,904,73,3/23/22,3926775,Sale
434,92,462,313,78,3/2/20,3452098,Sale
435,96,321,785,24,12/31/20,2928677,Rent
436,89,782,41,90,4/29/21,1158346,Sale
437,5,359,57,36,2/3/21,4820235,Sale
438,89,356,23,36,6/5/20,1356516,Sale
439,79,461,665,31,7/16/22,3742433,Rent
440,35,947,195,43,3/31/21,3675780,Sale
441,5,902,115,13,2/23/21,2002153,Sale
442,98,572,41,33,3/1/21,4456942,Rent
443,84,886,833,17,12/4/21,3316270,Sale
444,14,431,819,85,8/18/22,2723755,Sale
445,62,121,259,92,5/13/21,4805613,Sale
446,39,290,274,55,9/10/21,3508057,Sale
447,93,310,785,55,7/25/22,813528,Sale
448,94,786,187,22,2/27/21,2579711,Rent
449,90,680,571,55,5/2/20,4746508,Rent
450,2,552,670,72,2/6/20,4369952,Sale
451,5,254,584,23,2/16/22,2690571,Sale
452,58,698,813,51,2/12/22,1047387,Rent
453,79,736,93,64,3/16/20,803199,Sale
454,41,109,805,75,11/13/20,104718,Rent
455,81,767,863,6,2/12/21,572647,Sale
456,7,314,539,5,3/23/21,3202396,Sale
457,30,987,926,4,7/13/22,1111989,Sale
458,73,89,91,39,5/15/22,2623296,Sale
459,58,751,909,31,2/26/22,3839385,Rent
460,4,388,50,70,3/4/22,2658841,Rent
461,1,173,79,16,3/3/21,1672810,Rent
462,82,452,339,6,9/30/22,2086537,Sale
463,33,158,336,49,7/1/22,1109129,Rent
464,22,809,969,36,9/20/21,3275143,Sale
465,56,106,827,51,1/23/21,2335982,Rent
466,43,82,870,25,5/12/20,1202141,Sale
467,70,45,820,28,11/13/20,54011,Rent
468,79,170,872,94,8/23/20,2183294,Sale
469,47,793,532,46,12/2/20,934566,Rent
470,53,121,140,12,11/22/21,4730784,Sale
471,85,703,213,76,2/5/20,2901026,Rent
472,66,238,670,99,1/22/20,3838011,Sale
473,93,946,604,73,6/17/22,3594520,Sale
474,85,414,873,14,7/20/21,3031607,Sale
475,74,107,256,94,10/22/22,2886511,Sale
476,71,951,115,31,8/15/22,1171391,Rent
477,61,634,153,34,1/22/21,3256951,Sale
478,29,719,780,12,5/1/21,2220448,Sale
479,71,21,655,2,8/3/20,3441916,Rent
480,68,388,515,79,7/3/22,3421295,Sale
481,100,866,594,36,6/18/20,3800508,Sale
482,93,623,927,17,12/8/20,4686375,Sale
483,55,582,801,42,3/27/22,2488990,Rent
484,34,255,922,55,9/5/20,4517501,Sale
485,34,69,929,43,1/19/21,140126,Rent
486,40,321,996,70,8/16/21,568749,Rent
487,28,366,956,100,9/28/20,1771027,Sale
488,19,946,879,18,9/11/20,597323,Sale
489,77,493,218,53,10/14/20,2583474,Sale
490,93,164,631,33,2/2/22,3683785,Sale
491,2,451,937,70,12/8/21,3573554,Sale
492,66,215,313,72,4/13/22,2202043,Rent
493,63,772,264,80,11/13/22,1111470,Sale
494,11,478,419,20,9/5/22,2111709,Rent
495,32,815,562,23,4/26/22,597649,Sale
496,19,623,50,83,7/26/20,3327021,Sale
497,81,143,989,87,6/18/20,3700570,Sale
498,6,603,699,43,11/9/22,202718,Sale
499,53,180,969,20,11/11/21,2453786,Sale
500,79,656,630,45,3/3/21,1645492,Sale
501,98,240,510,4,4/8/21,3469727,Sale
502,71,352,904,76,12/25/22,479901,Rent
503,40,401,994,6,2/26/21,3466489,Sale
504,9,203,722,32,12/23/22,1108503,Rent
505,46,768,153,74,6/12/20,4698314,Sale
506,97,729,752,4,12/6/22,1288217,Sale
507,88,388,643,44,5/10/22,258758,Sale
508,33,486,612,92,3/28/21,953345,Rent
509,31,424,780,96,5/16/22,1157881,Sale
510,44,164,569,28,5/14/22,3137520,Rent
511,81,393,664,18,2/6/21,3356025,Sale
512,3,62,441,7,4/26/22,2138060,Sale
513,26,193,204,88,4/20/20,2221822,Sale
514,84,727,994,49,7/14/22,1300926,Sale
515,81,809,88,53,3/17/22,362598,Rent
516,97,401,241,18,7/6/21,1882795,Rent
517,53,736,372,74,3/17/22,1945715,Sale
518,18,333,911,63,12/11/20,3663407,Sale
519,58,356,574,65,7/17/21,696022,Sale
520,9,648,829,69,9/6/21,364491,Sale
521,42,284,104,10,9/21/20,2645536,Sale
522,26,671,72,26,4/20/21,3890662,Sale
523,86,6,598,88,10/27/20,1361200,Rent
524,1,39,91,47,2/12/21,1370030,Rent
525,94,749,764,26,12/23/20,3784011,Rent
526,31,444,162,46,3/18/22,3220471,Sale
527,17,934,191,91,1/16/20,353092,Sale
528,64,668,72,21,6/4/20,1519083,Sale
529,61,603,150,87,6/28/22,3412396,Rent
530,48,582,34,58,11/23/21,2307812,Rent
531,75,284,477,71,10/23/22,2127258,Sale
532,38,997,864,17,6/14/22,2971831,Sale
533,61,912,688,62,3/30/20,3524981,Sale
534,32,846,100,27,11/23/20,945304,Sale
535,98,36,115,88,8/30/22,660877,Sale
536,14,895,142,89,5/21/20,4016376,Sale
537,13,500,813,93,1/15/22,3325634,Sale
538,52,483,371,94,12/23/20,759050,Sale
539,18,959,477,58,2/24/20,1225448,Sale
540,60,433,732,76,12/11/21,1187345,Rent
541,56,247,855,72,12/15/20,1931131,Sale
542,25,739,142,73,3/5/22,2485130,Sale
543,76,809,498,53,5/3/22,932664,Sale
544,79,10,367,31,10/15/21,220469,Rent
545,20,887,129,11,3/26/22,1409546,Rent
546,95,300,413,44,1/1/20,1142443,Sale
547,55,383,191,15,7/4/21,3590936,Sale
548,41,394,93,29,11/22/22,2512738,Sale
549,12,577,585,95,6/16/21,3347778,Sale
550,28,164,217,51,8/21/20,4507615,Sale
551,30,787,357,18,10/22/21,4463772,Sale
552,98,381,641,2,3/7/22,524228,Sale
553,89,319,740,72,12/31/22,4003556,Rent
554,76,406,525,97,11/24/22,4344625,Sale
555,10,888,645,7,1/10/21,728578,Sale
556,21,893,404,52,8/1/21,581915,Sale
557,86,671,196,90,7/20/21,4093841,Sale
558,28,545,801,91,5/12/20,3265712,Sale
559,26,742,515,19,9/5/21,323538,Sale
560,25,577,965,97,2/27/20,3041920,Sale
561,78,310,268,55,7/24/22,3938610,Sale
562,96,659,990,87,8/26/21,3710527,Sale
563,29,386,806,81,4/25/22,1801841,Sale
564,86,502,885,89,5/9/20,4859770,Rent
565,86,640,837,12,11/3/20,3590789,Sale
566,8,728,531,62,1/24/21,3102973,Sale
567,60,37,647,67,3/7/22,2947916,Sale
568,14,10,688,63,11/5/20,3341525,Sale
569,78,993,57,25,5/18/20,2548717,Rent
570,61,172,280,63,7/18/21,4071204,Rent
571,55,462,652,79,1/22/21,2113266,Sale
572,41,386,34,91,3/22/21,3651809,Sale
573,71,913,217,6,12/16/21,367047,Sale
574,74,592,812,39,1/20/20,728738,Rent
575,38,843,468,9,7/13/20,778539,Sale
576,52,763,929,82,9/5/20,3411481,Rent
577,92,886,345,60,12/21/21,3467663,Rent
578,79,7,900,34,5/21/20,2613585,Rent
579,36,698,167,61,6/6/20,719844,Sale
580,23,394,664,71,12/5/22,67325,Sale
581,3,513,829,35,10/25/22,2937187,Sale
582,70,501,806,12,12/19/22,2610949,Sale
583,15,687,883,8,4/19/21,4291253,Sale
584,28,235,991,91,10/31/20,1491802,Sale
585,29,113,259,76,7/4/22,947649,Sale
586,22,425,13,27,4/15/20,3242070,Sale
587,96,138,13,61,2/17/22,1497367,Rent
588,22,753,514,12,8/3/20,3231141,Rent
589,63,323,931,65,10/8/21,4285602,Sale
590,75,260,384,40,3/11/20,3779763,Sale
591,87,51,498,11,9/7/22,3204073,Sale
592,94,98,349,75,6/3/22,4339681,Sale
593,44,172,435,67,9/26/21,2251072,Rent
594,96,500,975,70,9/20/21,79329,Sale
595,45,769,906,52,7/24/22,3660091,Rent
596,7,421,129,19,8/28/21,4465581,Rent
597,29,671,658,4,10/16/20,251934,Rent
598,73,362,54,84,4/3/22,3851555,Sale
599,69,394,523,41,8/12/21,1544681,Sale
600,65,438,922,88,6/13/21,867397,Sale
601,70,753,384,90,11/10/21,4497735,Rent
602,18,260,129,23,1/21/22,2150852,Rent
603,47,611,115,35,5/23/21,2474806,Sale
604,43,888,806,13,7/19/20,128100,Sale
605,28,611,594,29,2/6/22,3388387,Sale
606,92,109,474,63,6/30/22,4726192,Sale
607,83,590,480,46,4/30/21,4687278,Sale
608,91,412,474,52,5/6/21,587031,Sale
609,62,949,77,63,8/24/21,251805,Sale
610,29,783,432,75,3/31/20,411707,Sale
611,32,590,268,23,2/12/21,4143264,Rent
612,53,703,669,33,3/3/22,3599043,Rent
613,71,164,823,30,11/27/21,2198084,Sale
614,21,711,335,96,11/9/20,4562818,Rent
615,45,399,474,57,1/26/21,1291981,Rent
616,31,193,622,63,7/17/21,3655756,Sale
617,96,846,274,50,6/20/20,4052554,Sale
618,59,673,370,31,5/25/21,2003910,Sale
619,93,779,819,74,2/22/21,235965,Sale
620,99,96,570,98,7/8/20,2165842,Sale
621,66,82,829,42,11/18/20,1116503,Sale
622,84,797,274,41,3/21/21,4985963,Rent
623,99,983,511,100,11/17/22,1955110,Rent
624,18,170,413,13,2/18/22,1787968,Sale
625,49,727,669,23,9/12/21,1873490,Rent
626,98,672,72,61,11/26/21,3421296,Sale
627,30,918,922,70,5/20/21,1232740,Sale
628,29,509,883,94,3/1/21,4412670,Sale
629,4,316,812,1,1/17/20,2131440,Sale
630,61,530,373,34,9/10/21,2416736,Rent
631,15,815,922,88,11/24/22,804073,Sale
632,12,697,12,14,7/25/21,2426699,Rent
633,49,161,256,98,10/26/20,525820,Rent
634,94,170,931,9,5/20/20,992902,Sale
635,75,577,688,59,10/20/21,4806719,Rent
636,52,923,892,10,1/18/20,4174692,Sale
637,83,179,504,83,2/8/20,869199,Rent
638,88,843,498,29,11/22/22,2672488,Sale
639,32,908,864,58,10/3/22,4648124,Sale
640,33,749,743,58,10/15/20,1495185,Sale
641,28,47,280,35,3/1/20,3635217,Sale
642,29,223,144,58,3/27/22,997146,Sale
643,87,595,709,37,12/15/21,2132095,Rent
644,15,381,806,68,12/9/20,160607,Sale
645,26,143,86,85,6/16/20,311046,Sale
646,60,603,554,2,1/24/21,3808023,Sale
647,69,132,123,80,6/18/21,2949602,Sale
648,57,215,419,28,7/25/20,3044604,Rent
649,55,400,349,77,6/17/22,2968375,Sale
650,48,18,709,94,3/7/21,4302152,Sale
651,12,188,926,93,6/13/20,4676859,Sale
652,49,535,64,93,1/10/20,3378480,Sale
653,89,205,480,34,1/24/20,1052180,Rent
654,87,478,780,17,1/21/20,3773982,Rent
655,59,180,344,1,2/10/20,2975840,Rent
656,34,923,477,49,4/16/21,1007653,Rent
657,51,439,621,53,1/1/22,2948918,Sale
658,35,919,498,80,4/7/21,2276818,Sale
659,85,270,53,48,11/13/22,3747395,Sale
660,23,96,115,62,6/17/20,1360893,Sale
661,18,333,979,48,6/5/20,1576069,Rent
662,54,918,230,99,6/2/21,1164390,Sale
663,22,380,602,54,11/11/20,2792045,Sale
664,66,397,275,28,4/19/20,70225,Sale
665,68,103,785,100,2/8/21,4470349,Sale
666,38,501,52,94,1/24/20,4773093,Sale
667,71,478,873,20,4/23/20,313732,Rent
668,58,998,699,43,12/29/21,1362042,Sale
669,73,240,477,32,4/29/20,1451821,Rent
670,78,439,964,35,10/24/21,3700538,Sale
671,70,778,191,30,4/27/21,1175405,Sale
672,44,388,637,76,9/17/20,4760315,Sale
673,28,113,419,99,6/25/22,600349,Sale
674,47,673,975,29,3/25/21,4221877,Sale
675,42,987,669,82,12/16/22,1464840,Sale
676,3,533,307,71,1/20/22,200357,Sale
677,43,998,560,26,2/26/20,3340488,Rent
678,58,537,559,77,6/18/20,1856762,Sale
679,35,121,780,54,6/27/22,2136001,Sale
680,96,768,12,75,3/17/22,1414782,Sale
681,57,907,435,72,2/11/22,2716265,Rent
682,4,540,652,65,6/24/20,4290607,Sale
683,37,589,187,8,5/7/21,4676040,Sale
684,19,323,167,24,1/23/21,2538979,Sale
685,46,352,337,32,12/14/20,579721,Rent
686,15,657,986,40,10/14/21,2151958,Sale
687,5,778,324,92,8/10/21,2404212,Sale
688,14,613,301,90,6/3/21,594163,Sale
689,48,59,630,93,7/6/21,852994,Rent
690,63,797,991,59,12/26/20,2655786,Sale
691,21,809,317,38,7/12/22,2799541,Rent
692,57,912,819,31,5/26/22,4847057,Sale
693,49,18,349,95,2/26/21,1809598,Sale
694,27,869,922,96,3/14/21,3270273,Rent
695,63,386,819,74,2/9/21,3606789,Rent
696,61,925,980,100,9/8/21,2549336,Rent
697,64,880,12,40,7/23/20,4909118,Sale
698,71,316,40,1,2/12/21,1488336,Sale
699,28,3,432,55,12/10/21,532119,Rent
700,15,110,529,71,3/27/21,719315,Rent
701,60,154,817,48,5/17/21,4520846,Rent
702,84,7,357,44,12/3/20,4270831,Sale
703,1,215,979,12,4/18/22,3624615,Sale
704,64,19,484,64,1/13/22,1629736,Sale
705,98,867,275,44,12/26/22,520370,Sale
706,66,161,125,29,11/26/20,1770463,Sale
707,28,36,722,28,9/29/21,2806603,Sale
708,19,672,630,56,8/13/21,4444615,Rent
709,12,841,679,35,1/30/22,4654693,Sale
710,15,507,317,86,6/8/22,3367297,Sale
711,84,442,743,14,5/11/21,230517,Sale
712,9,31,482,11,9/7/22,3346893,Rent
713,32,934,474,53,8/8/20,1259992,Sale
714,27,107,964,19,3/14/20,3344873,Sale
715,83,656,884,45,11/6/22,546441,Rent
716,46,486,354,67,3/22/21,3950743,Rent
717,23,648,669,17,3/17/20,3747081,Sale
718,14,993,344,85,4/19/22,3224306,Sale
719,87,106,597,11,11/8/21,176557,Sale
720,96,727,961,29,8/30/20,1960012,Sale
721,82,742,282,17,10/6/21,1404461,Rent
722,40,281,419,80,6/8/21,2042138,Rent
723,15,657,602,62,6/9/21,2184889,Sale
724,74,580,862,97,2/13/20,3019251,Sale
725,71,749,900,17,1/24/21,1695952,Sale
726,4,577,960,33,11/6/22,3806259,Sale
727,67,729,618,70,7/9/22,1492455,Sale
728,43,475,876,74,12/8/21,1614251,Rent
729,65,874,555,47,11/19/21,3621297,Rent
730,67,920,618,87,11/24/20,3670300,Sale
731,7,581,469,60,4/10/20,2416364,Sale
732,23,848,469,29,10/3/21,631452,Sale
733,64,90,280,37,11/15/21,2934279,Sale
734,35,25,927,65,10/26/21,2873699,Sale
735,25,635,13,93,4/3/22,2491270,Sale
736,45,623,910,9,3/5/20,3542959,Sale
737,19,321,619,88,9/17/21,1254306,Sale
738,70,913,960,95,12/23/21,3559143,Rent
739,7,80,884,16,12/9/20,1902802,Sale
740,53,388,745,94,12/17/21,189691,Sale
741,2,714,864,87,11/13/22,3206045,Sale
742,36,58,373,73,11/17/20,1288598,Sale
743,9,854,60,10,5/3/22,1946728,Sale
744,33,276,612,73,7/22/20,2598649,Sale
745,91,696,307,80,4/12/21,679442,Rent
746,3,698,722,97,12/7/20,1033643,Sale
747,55,442,774,23,1/16/20,3627736,Rent
748,42,20,277,26,8/28/22,4407480,Sale
749,40,170,976,96,5/16/21,3097904,Sale
750,31,323,378,76,4/10/20,844297,Sale
751,53,161,468,98,11/28/20,3943596,Sale
752,87,723,477,14,7/11/20,310636,Rent
753,14,815,574,66,10/4/22,2196343,Sale
754,20,526,336,17,8/29/21,3622911,Sale
755,77,895,593,62,6/25/21,4719788,Sale
756,45,697,630,61,7/12/22,4447624,Rent
757,98,502,938,11,1/19/22,134673,Rent
758,4,183,584,37,11/7/22,2093087,Sale
759,81,288,805,72,2/21/20,2374108,Sale
760,51,80,851,15,2/15/21,4200744,Rent
761,7,2,827,99,11/12/22,899108,Rent
762,90,537,956,61,1/17/22,4432920,Rent
763,100,893,201,98,5/15/20,894662,Rent
764,82,656,126,40,10/19/22,262065,Rent
765,35,444,821,57,2/14/21,4222859,Sale
766,64,759,469,95,12/10/20,4236391,Rent
767,38,650,904,99,6/16/22,3984167,Sale
768,60,236,468,21,9/3/22,4917974,Sale
769,27,987,539,27,7/17/20,567187,Sale
770,78,47,201,75,9/26/21,2782984,Sale
771,78,385,474,47,3/4/22,488143,Rent
772,38,682,607,33,2/14/22,4589660,Sale
773,97,36,514,96,4/23/20,4971599,Sale
774,100,580,199,66,7/2/21,3320615,Rent
775,20,297,810,60,2/1/22,3489299,Sale
776,29,923,372,60,8/30/21,2523701,Sale
777,25,874,123,7,9/9/20,1169435,Sale
778,45,353,800,3,2/1/20,3292948,Rent
779,73,205,50,80,9/5/20,1873406,Sale
780,28,749,593,48,6/14/21,4774948,Sale
781,57,998,12,75,12/25/20,4546894,Rent
782,92,993,620,74,10/26/20,2622187,Rent
783,39,143,48,92,4/19/22,4585626,Sale
784,71,533,306,28,3/10/21,3426397,Rent
785,70,110,357,85,2/4/22,3895388,Rent
786,61,568,418,48,3/31/20,818716,Sale
787,72,907,419,91,10/14/20,4890990,Sale
788,78,389,670,23,2/25/20,998444,Sale
789,86,136,484,85,11/5/22,3357996,Sale
790,2,967,54,97,6/11/22,4259432,Rent
791,61,381,76,67,4/23/22,1093697,Sale
792,60,314,123,38,4/10/21,1196382,Sale
793,21,36,710,65,3/8/20,515634,Sale
794,18,130,390,43,8/21/22,1438356,Sale
795,51,353,608,44,8/8/21,755462,Sale
796,24,399,344,98,12/27/21,3394271,Sale
797,81,458,892,79,9/10/20,3494632,Sale
798,35,475,637,11,7/11/22,1300970,Rent
799,45,918,167,89,3/7/20,2512495,Sale
800,43,269,774,66,1/27/20,561450,Sale
801,49,793,324,91,1/2/21,1516720,Sale
802,54,183,884,87,5/20/22,214368,Rent
803,55,775,52,36,6/12/20,1499377,Sale
804,12,544,317,9,8/9/20,2625371,Sale
805,74,6,531,72,10/1/22,3790421,Sale
806,96,98,79,39,7/3/22,2369675,Sale
807,63,943,432,38,1/20/20,3237126,Sale
808,92,987,876,98,4/10/21,3419977,Sale
809,61,905,849,55,7/11/22,4527780,Sale
810,18,493,230,60,4/13/22,3017157,Sale
811,89,973,280,92,5/15/21,2170624,Sale
812,73,628,43,69,7/27/22,2857990,Sale
813,37,769,514,80,5/2/20,3062829,Sale
814,35,987,879,97,1/28/21,3892782,Rent
815,63,673,477,2,4/28/21,4698357,Rent
816,18,711,48,25,3/20/21,3731539,Sale
817,22,235,345,54,6/15/20,4656010,Sale
818,27,564,922,36,1/1/20,4687451,Rent
819,25,215,463,76,3/16/21,798571,Sale
820,93,804,974,80,3/19/21,828341,Sale
821,37,124,825,92,5/31/20,1249414,Sale
822,48,248,50,77,8/12/21,4439952,Sale
823,22,650,607,9,5/30/22,147915,Sale
824,80,300,756,43,5/28/21,1806213,Sale
825,40,577,819,1,11/27/21,1685600,Sale
826,74,16,371,47,7/14/21,4102586,Rent
827,95,636,872,53,7/2/21,1350563,Sale
828,83,8,989,55,7/10/21,3565054,Rent
829,94,184,722,63,11/30/20,3440987,Rent
830,79,416,780,50,10/19/20,3312026,Rent
831,34,636,453,27,1/20/20,4114278,Rent
832,49,923,332,66,7/26/22,3774268,Sale
833,45,89,559,41,6/1/21,4865586,Rent
834,90,2,234,35,11/19/20,1344822,Sale
835,63,62,645,74,5/14/21,1865257,Sale
836,42,188,306,23,4/28/21,3204853,Sale
837,100,464,607,73,11/4/21,3583334,Sale
838,10,184,863,73,11/10/22,4684363,Sale
839,77,545,900,14,3/9/21,4182459,Rent
840,60,553,43,88,10/25/22,4771116,Rent
841,39,640,52,11,6/24/20,3259466,Rent
842,52,31,332,65,1/6/22,2966349,Sale
843,81,786,191,15,3/12/20,2647025,Sale
844,22,804,413,32,8/12/22,3371018,Rent
845,71,173,515,91,2/3/22,3990668,Sale
846,50,502,820,70,5/19/21,1845423,Rent
847,95,113,637,28,6/17/20,3424717,Sale
848,80,967,812,33,7/11/21,2811962,Rent
849,1,107,986,65,1/12/20,3958086,Sale
850,7,728,633,23,3/8/20,2915083,Rent
851,92,143,557,95,8/11/22,3612020,Sale
852,15,998,892,68,2/3/20,918651,Rent
853,70,775,497,3,8/12/20,1760625,Sale
854,51,634,176,24,8/17/22,2618502,Sale
855,2,759,539,73,1/14/20,4516889,Sale
856,91,727,259,10,1/18/21,3514135,Rent
857,16,763,377,25,1/2/22,1142502,Rent
858,35,353,373,85,11/26/20,1376068,Sale
859,48,533,747,22,8/13/20,1893129,Sale
860,67,334,199,99,8/19/21,2580864,Rent
861,62,768,280,79,10/26/20,4830560,Rent
862,4,545,443,64,10/8/21,1253484,Sale
863,64,278,370,30,6/7/21,3510932,Sale
864,65,184,268,97,7/25/21,474693,Sale
865,52,772,268,39,6/13/22,450571,Rent
866,91,580,750,37,11/3/21,2484404,Sale
867,89,541,974,32,1/5/20,456673,Sale
868,51,96,204,3,4/29/20,2776082,Sale
869,87,260,833,23,11/30/20,403221,Rent
870,71,292,557,88,5/22/21,4665587,Sale
871,63,609,618,35,2/27/20,4817247,Sale
872,89,963,126,55,12/25/22,3891860,Sale
873,61,759,532,22,7/30/21,842528,Rent
874,14,311,618,59,1/15/21,2410338,Sale
875,24,154,201,22,10/4/22,3305060,Sale
876,46,58,395,72,1/12/22,3719694,Rent
877,13,62,654,62,2/4/22,1948796,Sale
878,8,82,800,10,10/28/20,3495038,Sale
879,44,138,422,41,3/11/21,1714703,Sale
880,32,209,740,44,3/11/22,2339965,Sale
881,18,151,607,53,3/31/22,4667369,Sale
882,78,719,647,11,7/4/20,4313978,Sale
883,65,601,197,50,3/1/22,3329584,Rent
884,95,798,453,77,8/10/21,2983122,Rent
885,98,39,638,32,10/2/22,4056351,Sale
886,81,207,277,27,11/8/20,4683675,Rent
887,83,36,418,93,7/16/21,1987904,Sale
888,90,87,670,76,9/4/22,4584749,Sale
889,82,866,377,34,2/21/21,3340449,Sale
890,21,707,909,83,7/13/20,1982776,Rent
891,97,657,927,87,6/17/20,3660513,Sale
892,87,541,531,21,6/6/22,1837352,Rent
893,71,305,756,76,4/25/22,2531799,Sale
894,87,127,195,100,9/7/22,4384167,Sale
895,13,832,367,64,2/23/20,1465254,Sale
896,55,338,280,9,11/13/22,2180118,Rent
897,57,124,432,45,5/2/22,2983815,Rent
898,5,130,607,94,7/9/22,2758934,Sale
899,87,394,597,21,9/8/20,2162493,Sale
900,7,121,732,71,4/2/22,782348,Sale
901,40,110,620,71,6/19/20,987020,Sale
902,75,672,616,3,11/21/22,3193076,Rent
903,43,609,335,61,8/14/20,811994,Rent
904,75,87,685,68,7/3/22,681323,Rent
905,53,352,523,67,3/20/20,951058,Sale
906,48,359,637,20,2/23/21,1620161,Sale
907,26,507,820,47,3/4/21,4519292,Rent
908,87,535,473,28,12/6/21,4253114,Rent
909,99,10,872,54,7/25/22,609415,Sale
910,12,98,979,61,3/23/21,4913265,Sale
911,59,779,612,11,4/4/21,217484,Sale
912,42,698,422,29,12/2/21,983369,Rent
913,46,640,306,92,3/8/20,3614608,Sale
914,31,102,583,38,4/10/21,2149713,Rent
915,1,921,890,71,5/8/22,534974,Sale
916,19,323,621,85,2/19/21,517853,Sale
917,79,459,372,71,11/2/20,4582107,Rent
918,94,131,658,75,5/26/21,4667135,Sale
919,4,908,142,15,11/28/21,659560,Sale
920,70,739,619,43,1/1/20,2877194,Rent
921,3,923,53,67,10/16/21,1203893,Sale
922,58,689,313,5,5/31/21,1912452,Sale
923,66,963,833,74,4/1/20,1078476,Sale
924,56,856,929,69,5/25/20,2428399,Rent
925,85,87,43,56,4/21/22,814585,Sale
926,32,803,367,26,3/30/20,3318663,Sale
927,47,456,123,47,2/1/22,3723527,Sale
928,54,798,345,50,10/13/22,912777,Rent
929,86,540,465,36,9/22/20,2603669,Rent
930,40,70,596,82,3/23/21,1458507,Sale
931,44,513,72,87,10/22/20,2799210,Sale
932,21,730,210,41,11/26/21,685896,Sale
933,14,552,9,21,7/19/21,975697,Sale
934,82,338,268,99,12/14/21,2208061,Sale
935,43,501,585,37,5/10/21,1957176,Sale
936,29,797,196,78,4/17/21,2581661,Sale
937,6,232,531,75,6/28/20,817467,Rent
938,21,243,855,81,3/21/21,4876223,Sale
939,15,300,144,70,7/31/21,2825824,Rent
940,5,433,994,2,10/23/22,3155367,Sale
941,37,896,234,28,1/2/21,2215446,Sale
942,42,456,125,4,5/26/21,4034870,Sale
943,4,362,477,66,1/25/21,2357097,Sale
944,45,723,710,55,2/25/22,3606462,Sale
945,82,866,745,30,8/2/21,2160110,Sale
946,52,918,974,33,6/8/22,506728,Sale
947,76,296,817,15,3/14/20,4827153,Sale
948,4,388,282,40,11/18/20,231513,Rent
949,49,768,898,39,7/15/20,3146740,Rent
950,31,650,531,89,11/18/20,3679470,Rent
951,20,601,473,8,3/28/20,3992461,Sale
952,58,649,435,35,5/16/21,2656056,Rent
953,45,816,813,54,12/6/22,4227301,Sale
954,13,711,602,21,10/27/21,4271632,Sale
955,28,80,847,24,1/11/21,4558279,Rent
956,89,255,74,72,3/15/21,4642353,Rent
957,84,934,555,8,8/4/20,878157,Sale
958,41,96,373,96,12/28/22,4436064,Rent
959,76,672,418,87,8/24/20,606856,Rent
960,41,634,991,92,5/15/21,2764828,Rent
961,93,905,981,39,11/24/20,2287605,Sale
962,4,723,756,78,7/24/21,2755299,Sale
963,25,541,218,74,9/24/21,4138256,Sale
964,77,582,780,24,2/11/22,1476796,Sale
965,12,386,367,92,11/11/22,198663,Sale
966,28,102,534,30,11/13/21,778753,Rent
967,59,58,724,92,11/29/22,2594353,Rent
968,45,650,876,70,10/20/22,3766126,Sale
969,3,284,585,94,7/30/20,854405,Sale
970,64,983,275,72,11/13/21,4999953,Rent
971,14,352,34,90,1/27/22,4667827,Sale
972,23,509,722,43,1/30/21,4704927,Rent
973,64,492,800,61,12/28/20,1680823,Sale
974,61,70,904,5,2/16/22,1792051,Sale
975,22,269,937,57,11/13/21,4163979,Rent
976,26,635,678,82,8/31/22,3547231,Sale
977,45,917,847,83,8/20/20,3845048,Sale
978,67,951,801,9,9/27/20,3887639,Rent
979,39,157,678,43,8/27/22,1127623,Rent
980,77,366,821,15,2/24/22,2745471,Rent
981,9,238,658,69,12/16/22,1106163,Rent
982,88,462,523,41,1/4/22,2367288,Sale
983,91,528,317,21,8/28/21,1690902,Rent
984,43,366,268,69,3/24/20,500688,Sale
985,10,99,371,34,10/1/20,2072344,Rent
986,14,718,217,74,8/11/20,4296676,Sale
987,86,253,140,63,4/21/22,3778552,Sale
988,36,478,829,13,3/15/22,1317346,Sale
989,6,170,960,3,6/1/21,4122129,Sale
990,59,673,466,1,10/19/21,64104,Sale
991,54,540,91,29,9/1/21,4023696,Sale
992,5,547,538,30,10/20/21,1879319,Sale
993,56,703,906,58,9/21/21,736880,Sale
994,45,856,484,16,3/12/20,4163575,Sale
995,86,967,372,20,3/24/21,3194235,Sale
996,93,775,217,26,9/19/22,161732,Rent
997,95,803,482,56,8/17/20,4397178,Sale
998,84,107,559,43,11/12/20,4066989,Sale
999,62,697,596,10,4/17/20,3837143,Rent
1000,15,98,150,16,2/17/20,4488234,Sale