Full Name,Email,Date of Hire,Base Salary,Office Name,Manager Name
"Klein, Brian",brian.klein@dreamhomes.nyc,2023-09-19,87173.68,Dream Homes Albany,"Klein, Brian"
"Brown, Ryan",ryan.brown@dreamhomes.nyc,2024-02-11,82936.13,Dream Homes Hartford,"Klein, Brian"
"Coffey, Patrick",patrick.coffey@dreamhomes.nyc,2023-01-20,36539.21,Dream Homes Bridgeport,"Brown, Ryan"
"Watson, Samantha",samantha.watson@dreamhomes.nyc,2023-02-16,80046.93,Dream Homes Albany,"Klein, Brian"
"Howard, Katherine",katherine.howard@dreamhomes.nyc,2023-10-12,49379.1,Dream Homes New York,"Brown, Ryan"
"Adams, Ashley",ashley.adams@dreamhomes.nyc,2024-04-04,55138.43,Dream Homes Bridgeport,"Watson, Samantha"
"Wood, Katelyn",katelyn.wood@dreamhomes.nyc,2024-02-01,36069.72,Dream Homes Bridgeport,"Watson, Samantha"
"Perry, Cynthia",cynthia.perry@dreamhomes.nyc,2023-11-20,48085.76,Dream Homes Hartford,"Wood, Katelyn"
"Meyer, Valerie",valerie.meyer@dreamhomes.nyc,2024-04-13,50293.62,Dream Homes Bridgeport,"Perry, Cynthia"
"Diaz, Bianca",bianca.diaz@dreamhomes.nyc,2022-10-08,90096.57,Dream Homes Paterson,"Coffey, Patrick"
"Gibbs, Anthony",anthony.gibbs@dreamhomes.nyc,2024-04-10,66460.54,Dream Homes Newark,"Adams, Ashley"
"Parker, Stephanie",stephanie.parker@dreamhomes.nyc,2024-01-07,87195.61,Dream Homes Rochester,"Klein, Brian"
"Zimmerman, Melissa",melissa.zimmerman@dreamhomes.nyc,2021-09-15,51564.55,Dream Homes Syracuse,"Howard, Katherine"
"Tanner, Sean",sean.tanner@dreamhomes.nyc,2023-09-14,105221.15,Dream Homes Bridgeport,"Perry, Cynthia"
"Bradley, Michael",michael.bradley@dreamhomes.nyc,2023-05-25,103571.38,Dream Homes Hartford,"Brown, Ryan"
"Cruz, Connie",connie.cruz@dreamhomes.nyc,2022-12-12,112382.92,Dream Homes Syracuse,"Adams, Ashley"
"Lewis, Kara",kara.lewis@dreamhomes.nyc,2023-10-09,93913.04,Dream Homes Syracuse,"Klein, Brian"
"Romero, Diane",diane.romero@dreamhomes.nyc,2024-04-13,61843.18,Dream Homes Trenton,"Diaz, Bianca"
"Andrews, Faith",faith.andrews@dreamhomes.nyc,2023-04-12,114194.73,Dream Homes Newark,"Wood, Katelyn"
"Paul, Ashley",ashley.paul@dreamhomes.nyc,2023-07-21,43680.33,Dream Homes Stamford,"Tanner, Sean"
"Barry, Megan",megan.barry@dreamhomes.nyc,2021-12-08,83955.05,Dream Homes Trenton,"Bradley, Michael"
"Munoz, Paul",paul.munoz@dreamhomes.nyc,2023-01-15,58515.95,Dream Homes Syracuse,"Adams, Ashley"
"Smith, Joshua",joshua.smith@dreamhomes.nyc,2024-03-11,96288.91,Dream Homes Hartford,"Coffey, Patrick"
"Lopez, Katherine",katherine.lopez@dreamhomes.nyc,2024-02-10,91736.56,Dream Homes Bridgeport,"Adams, Ashley"
"Collier, James",james.collier@dreamhomes.nyc,2024-01-10,110836.79,Dream Homes Paterson,"Gibbs, Anthony"
"Davis, Ashley",ashley.davis@dreamhomes.nyc,2024-03-28,47672.39,Dream Homes Jersey City,"Collier, James"
"Campbell, Christopher",christopher.campbell@dreamhomes.nyc,2022-06-13,87920.35,Dream Homes Jersey City,"Bradley, Michael"
"Rios, Mary",mary.rios@dreamhomes.nyc,2023-10-10,101611.32,Dream Homes Newark,"Gibbs, Anthony"
"Miller, Danielle",danielle.miller@dreamhomes.nyc,2024-01-01,56338.39,Dream Homes Bridgeport,"Lewis, Kara"
"Mata, Miranda",miranda.mata@dreamhomes.nyc,2022-12-26,117123.48,Dream Homes Syracuse,"Watson, Samantha"
"Morse, Randy",randy.morse@dreamhomes.nyc,2024-03-10,59711.77,Dream Homes Albany,"Cruz, Connie"
"Brennan, Lindsay",lindsay.brennan@dreamhomes.nyc,2024-03-02,113005.13,Dream Homes Bridgeport,"Parker, Stephanie"
"Barrett, Joy",joy.barrett@dreamhomes.nyc,2024-02-20,47937.33,Dream Homes Hartford,"Klein, Brian"
"Davis, Craig",craig.davis@dreamhomes.nyc,2021-11-29,91972.09,Dream Homes Paterson,"Wood, Katelyn"
"Jones, Sarah",sarah.jones@dreamhomes.nyc,2023-10-13,32653.61,Dream Homes Rochester,"Campbell, Christopher"
"Harris, Jennifer",jennifer.harris@dreamhomes.nyc,2023-11-05,67004.68,Dream Homes Albany,"Mata, Miranda"
"Garrett, Raymond",raymond.garrett@dreamhomes.nyc,2024-03-30,31992.48,Dream Homes Trenton,"Harris, Jennifer"
"Taylor, Richard",richard.taylor@dreamhomes.nyc,2023-02-07,43118.66,Dream Homes Trenton,"Klein, Brian"
"Johnson, Angelica",angelica.johnson@dreamhomes.nyc,2022-12-30,103287.07,Dream Homes Albany,"Tanner, Sean"
"Sims, Roberto",roberto.sims@dreamhomes.nyc,2024-02-14,52021.73,Dream Homes Hartford,"Barry, Megan"
"Thomas, Kenneth",kenneth.thomas@dreamhomes.nyc,2024-03-23,37178.75,Dream Homes Albany,"Munoz, Paul"
"Norris, Joshua",joshua.norris@dreamhomes.nyc,2024-02-04,91767.45,Dream Homes Albany,"Mata, Miranda"
"Wood, Maria",maria.wood@dreamhomes.nyc,2021-07-11,64251.85,Dream Homes Syracuse,"Wood, Katelyn"
"Saunders, Kimberly",kimberly.saunders@dreamhomes.nyc,2024-02-13,30028.99,Dream Homes Bridgeport,"Thomas, Kenneth"
"Gonzales, Catherine",catherine.gonzales@dreamhomes.nyc,2024-04-04,93850.74,Dream Homes Bridgeport,"Collier, James"
"Kane, Diana",diana.kane@dreamhomes.nyc,2022-12-12,46910.97,Dream Homes Paterson,"Garrett, Raymond"
"Gomez, Shannon",shannon.gomez@dreamhomes.nyc,2024-03-22,119974.48,Dream Homes New Haven,"Johnson, Angelica"
"Simpson, Christina",christina.simpson@dreamhomes.nyc,2022-12-06,72070.55,Dream Homes Buffalo,"Miller, Danielle"
"Wheeler, Michelle",michelle.wheeler@dreamhomes.nyc,2023-10-14,37712.12,Dream Homes Syracuse,"Klein, Brian"
"Terry, Zachary",zachary.terry@dreamhomes.nyc,2023-04-25,44867.17,Dream Homes Bridgeport,"Wheeler, Michelle"
"Willis, Stephanie",stephanie.willis@dreamhomes.nyc,2023-06-11,110161.91,Dream Homes Hartford,"Barrett, Joy"
"Garcia, Hannah",hannah.garcia@dreamhomes.nyc,2024-01-24,84141.98,Dream Homes Trenton,"Wheeler, Michelle"
"Pham, Karen",karen.pham@dreamhomes.nyc,2024-01-12,34327.66,Dream Homes Syracuse,"Coffey, Patrick"
"Hill, Allen",allen.hill@dreamhomes.nyc,2024-02-11,79907.59,Dream Homes New York,"Lopez, Katherine"
"Turner, Cynthia",cynthia.turner@dreamhomes.nyc,2023-12-13,111674.47,Dream Homes Buffalo,"Gibbs, Anthony"
"Fletcher, Margaret",margaret.fletcher@dreamhomes.nyc,2024-04-11,75730.25,Dream Homes Syracuse,"Simpson, Christina"
"Skinner, Aaron",aaron.skinner@dreamhomes.nyc,2024-03-21,106088.03,Dream Homes Bridgeport,"Howard, Katherine"
"Ross, Molly",molly.ross@dreamhomes.nyc,2023-11-28,102817.48,Dream Homes Albany,"Miller, Danielle"
"Olsen, Ann",ann.olsen@dreamhomes.nyc,2023-12-30,69493.24,Dream Homes Syracuse,"Barry, Megan"
"Shaffer, Jacqueline",jacqueline.shaffer@dreamhomes.nyc,2024-03-31,40580.27,Dream Homes Jersey City,"Taylor, Richard"
"Bright, Robert",robert.bright@dreamhomes.nyc,2023-05-10,95768.93,Dream Homes Paterson,"Wood, Maria"
"Wilcox, Frank",frank.wilcox@dreamhomes.nyc,2024-04-13,97978.63,Dream Homes Trenton,"Willis, Stephanie"
"Holland, Kristy",kristy.holland@dreamhomes.nyc,2024-03-12,57203.56,Dream Homes New York,"Harris, Jennifer"
"Roman, Gabriela",gabriela.roman@dreamhomes.nyc,2023-03-31,34738.22,Dream Homes Syracuse,"Perry, Cynthia"
"Garcia, Craig",craig.garcia@dreamhomes.nyc,2023-11-21,96578.49,Dream Homes Albany,"Turner, Cynthia"
"Gray, Christina",christina.gray@dreamhomes.nyc,2024-03-21,43145.66,Dream Homes Stamford,"Collier, James"
"Ross, Patricia",patricia.ross@dreamhomes.nyc,2023-12-13,65348.76,Dream Homes Syracuse,"Bradley, Michael"
"Evans, Teresa",teresa.evans@dreamhomes.nyc,2023-06-17,108712.27,Dream Homes Bridgeport,"Coffey, Patrick"
"Patton, Colton",colton.patton@dreamhomes.nyc,2023-08-31,44822.96,Dream Homes Trenton,"Smith, Joshua"
"Lee, Melissa",melissa.lee@dreamhomes.nyc,2023-08-06,40814.93,Dream Homes Trenton,"Gibbs, Anthony"
"Roberts, Sandra",sandra.roberts@dreamhomes.nyc,2023-08-30,34751.34,Dream Homes Trenton,"Lee, Melissa"
"Cameron, Katie",katie.cameron@dreamhomes.nyc,2024-01-30,98901.18,Dream Homes Hartford,"Miller, Danielle"
"Coleman, Katherine",katherine.coleman@dreamhomes.nyc,2024-01-30,63284.94,Dream Homes Trenton,"Barrett, Joy"
"Clements, Derek",derek.clements@dreamhomes.nyc,2022-06-01,55180.3,Dream Homes Hartford,"Barry, Megan"
"Collins, Briana",briana.collins@dreamhomes.nyc,2024-04-07,82201.73,Dream Homes Albany,"Howard, Katherine"
"Hughes, Jennifer",jennifer.hughes@dreamhomes.nyc,2023-06-26,77460.38,Dream Homes Syracuse,"Andrews, Faith"
"Campos, Michael",michael.campos@dreamhomes.nyc,2024-01-10,57877.02,Dream Homes Bridgeport,"Romero, Diane"
"Taylor, Jessica",jessica.taylor@dreamhomes.nyc,2024-04-08,76583.61,Dream Homes Waterbury,"Brennan, Lindsay"
"Greene, Courtney",courtney.greene@dreamhomes.nyc,2024-03-27,102645.52,Dream Homes Hartford,"Taylor, Richard"
"Cox, Kathleen",kathleen.cox@dreamhomes.nyc,2023-04-30,118176.74,Dream Homes Hartford,"Perry, Cynthia"
"Marshall, Nicole",nicole.marshall@dreamhomes.nyc,2023-10-15,119881.84,Dream Homes Stamford,"Greene, Courtney"
"Dodson, Rhonda",rhonda.dodson@dreamhomes.nyc,2023-12-26,96824.38,Dream Homes Buffalo,"Garcia, Hannah"
"Shaw, Thomas",thomas.shaw@dreamhomes.nyc,2023-11-14,118566.97,Dream Homes Albany,"Pham, Karen"
"Anderson, Joseph",joseph.anderson@dreamhomes.nyc,2024-01-17,63935.96,Dream Homes Newark,"Brown, Ryan"
"Walker, Aaron",aaron.walker@dreamhomes.nyc,2023-09-29,87996.05,Dream Homes New Haven,"Olsen, Ann"
"Olson, Andrea",andrea.olson@dreamhomes.nyc,2023-09-28,31438.68,Dream Homes Syracuse,"Sims, Roberto"
"Vargas, Leah",leah.vargas@dreamhomes.nyc,2024-01-18,54133.35,Dream Homes Paterson,"Rios, Mary"
"Mcguire, Jeanette",jeanette.mcguire@dreamhomes.nyc,2022-07-30,53409.84,Dream Homes Trenton,"Smith, Joshua"
"Grant, Douglas",douglas.grant@dreamhomes.nyc,2024-02-20,87377.29,Dream Homes Hartford,"Patton, Colton"
"Hodges, Patrick",patrick.hodges@dreamhomes.nyc,2023-06-04,49822.95,Dream Homes Bridgeport,"Diaz, Bianca"
"Erickson, Dakota",dakota.erickson@dreamhomes.nyc,2023-07-24,90480.43,Dream Homes Stamford,"Bright, Robert"
"Lowery, Michael",michael.lowery@dreamhomes.nyc,2024-03-20,60762.66,Dream Homes Trenton,"Lee, Melissa"
"Galvan, Alyssa",alyssa.galvan@dreamhomes.nyc,2023-09-26,91907.34,Dream Homes Stamford,"Paul, Ashley"
"Wise, David",david.wise@dreamhomes.nyc,2024-04-13,34270.48,Dream Homes Trenton,"Bright, Robert"
"Obrien, Stephanie",stephanie.obrien@dreamhomes.nyc,2023-08-04,79930.81,Dream Homes Hartford,"Skinner, Aaron"
"Watson, Anthony",anthony.watson@dreamhomes.nyc,2023-06-23,41113.73,Dream Homes Hartford,"Perry, Cynthia"
"Miller, Alejandro",alejandro.miller@dreamhomes.nyc,2023-02-15,116757.03,Dream Homes Syracuse,"Miller, Danielle"
"Vaughan, Robert",robert.vaughan@dreamhomes.nyc,2024-02-26,52020.18,Dream Homes Stamford,"Kane, Diana"
"Hines, Monica",monica.hines@dreamhomes.nyc,2023-08-04,31967.48,Dream Homes Paterson,"Bradley, Michael"
"Cordova, Virginia",virginia.cordova@dreamhomes.nyc,2024-02-24,45804.75,Dream Homes Trenton,"Grant, Douglas"
"Frye, Angela",angela.frye@dreamhomes.nyc,2023-02-11,42409.2,Dream Homes Buffalo,"Olsen, Ann"
"Brown, John",john.brown@dreamhomes.nyc,2023-04-02,111463.66,Dream Homes Hartford,"Morse, Randy"
"Garcia, Christopher",christopher.garcia@dreamhomes.nyc,2024-02-06,73149.95,Dream Homes Newark,"Hill, Allen"
"Murillo, Lydia",lydia.murillo@dreamhomes.nyc,2023-09-13,115909.57,Dream Homes Albany,"Wood, Katelyn"
"Barnes, Michael",michael.barnes@dreamhomes.nyc,2024-02-22,103428.16,Dream Homes Bridgeport,"Willis, Stephanie"
"Leon, Patrick",patrick.leon@dreamhomes.nyc,2023-09-01,58839.48,Dream Homes Bridgeport,"Walker, Aaron"
"Koch, Luis",luis.koch@dreamhomes.nyc,2024-03-11,92653.53,Dream Homes Bridgeport,"Garrett, Raymond"
"Bell, Christopher",christopher.bell@dreamhomes.nyc,2024-03-27,80687.17,Dream Homes Bridgeport,"Klein, Brian"
"Moore, Robert",robert.moore@dreamhomes.nyc,2024-02-24,70858.23,Dream Homes Albany,"Garcia, Craig"
"Carlson, Megan",megan.carlson@dreamhomes.nyc,2023-05-07,93342.93,Dream Homes Bridgeport,"Romero, Diane"
"Mcgrath, Alison",alison.mcgrath@dreamhomes.nyc,2023-03-24,33884.47,Dream Homes Stamford,"Patton, Colton"
"Walsh, Timothy",timothy.walsh@dreamhomes.nyc,2024-04-01,117393.71,Dream Homes Bridgeport,"Mcguire, Jeanette"
"Burton, Tina",tina.burton@dreamhomes.nyc,2023-06-24,107720.2,Dream Homes Syracuse,"Vargas, Leah"
"Mccann, Wendy",wendy.mccann@dreamhomes.nyc,2023-12-07,102872.19,Dream Homes Syracuse,"Marshall, Nicole"
"Williams, Kristy",kristy.williams@dreamhomes.nyc,2022-05-08,53315.69,Dream Homes Hartford,"Ross, Molly"
"White, Gregory",gregory.white@dreamhomes.nyc,2021-10-19,46576.68,Dream Homes Stamford,"Skinner, Aaron"
"Evans, Christina",christina.evans@dreamhomes.nyc,2023-01-13,48283.19,Dream Homes Hartford,"Lowery, Michael"
"Fry, Joseph",joseph.fry@dreamhomes.nyc,2024-04-11,104445.89,Dream Homes Syracuse,"Hines, Monica"
"Cruz, Pamela",pamela.cruz@dreamhomes.nyc,2023-11-30,113768.89,Dream Homes Syracuse,"Bright, Robert"
"Hopkins, Andrew",andrew.hopkins@dreamhomes.nyc,2023-11-04,81671.63,Dream Homes Syracuse,"Ross, Molly"
